symbol,direction,entry_ts,exit_ts,entry,exit,distance_atr,atr_at_entry,sma_at_entry,tp_price,sl_price,gross_pct,net_pct,reason,hold_bars,variant
BTCUSDT,short,2026-02-25 15:00:00,2026-02-25 15:00:00,66973.19,67557.9019240335,3.032,584.711924,65200.272,65200.272,67557.901924,-0.873,-1.043,sl,1,short_with_sweep
BTCUSDT,short,2026-02-25 17:00:00,2026-02-25 18:00:00,68297.35,68925.03176102889,4.392,627.681761,65540.3595,65540.3595,68925.031761,-0.919,-1.089,sl,2,short_with_sweep
BTCUSDT,short,2026-03-04 16:00:00,2026-03-06 13:00:00,73396.87,69616.528,4.098,922.575572,69616.528,69616.528,74319.445572,5.151,4.981,tp,46,short_with_sweep
BTCUSDT,short,2026-04-06 05:00:00,2026-04-06 09:00:00,69141.81,69501.1381588524,3.694,359.328159,67814.5995,67814.5995,69501.138159,-0.52,-0.69,sl,5,short_with_sweep
BTCUSDT,short,2026-04-08 04:00:00,2026-04-08 06:00:00,71287.39,71877.29665042742,3.01,589.90665,69511.882,69511.882,71877.29665,-0.828,-0.998,sl,3,short_with_sweep
BTCUSDT,short,2026-04-13 20:00:00,2026-04-13 22:00:00,73322.0,73832.64220552963,3.738,510.642206,71414.1205,71414.1205,73832.642206,-0.696,-0.866,sl,3,short_with_sweep
BTCUSDT,short,2026-04-14 04:00:00,2026-04-14 13:00:00,74444.44,74950.74022297692,3.548,506.300223,72648.085,72648.085,74950.740223,-0.68,-0.85,sl,10,short_with_sweep
BTCUSDT,short,2026-04-17 14:00:00,2026-04-17 14:00:00,77340.11,77915.84299686177,3.63,575.732997,75250.244,75250.244,77915.842997,-0.744,-0.914,sl,1,short_with_sweep
BTCUSDT,short,2026-04-22 14:00:00,2026-04-22 15:00:00,78840.94,79319.49600057103,3.559,478.556001,77137.5835,77137.5835,79319.496001,-0.607,-0.777,sl,2,short_with_sweep
BTCUSDT,short,2026-05-01 14:00:00,2026-05-02 21:00:00,78737.26,79154.10929029007,4.248,416.84929,76966.4255,76966.4255,79154.10929,-0.529,-0.699,sl,32,short_with_sweep
BTCUSDT,short,2026-05-04 03:00:00,2026-05-04 04:00:00,80173.3,80598.9301918403,3.222,425.630192,78801.711,78801.711,80598.930192,-0.531,-0.701,sl,2,short_with_sweep
BTCUSDT,short,2026-02-25 02:00:00,2026-02-25 13:00:00,65896.74,66539.60641338244,3.192,642.866413,63844.8765,63844.8765,66539.606413,-0.976,-1.146,sl,12,short_no_sweep
BTCUSDT,short,2026-02-25 15:00:00,2026-02-25 15:00:00,66973.19,67557.9019240335,3.032,584.711924,65200.272,65200.272,67557.901924,-0.873,-1.043,sl,1,short_no_sweep
BTCUSDT,short,2026-02-25 17:00:00,2026-02-25 18:00:00,68297.35,68925.03176102889,4.392,627.681761,65540.3595,65540.3595,68925.031761,-0.919,-1.089,sl,2,short_no_sweep
BTCUSDT,short,2026-02-25 20:00:00,2026-02-25 21:00:00,69038.26,69717.89574306867,4.057,679.635743,66281.298,66281.298,69717.895743,-0.984,-1.154,sl,2,short_no_sweep
BTCUSDT,short,2026-03-02 16:00:00,2026-03-02 16:00:00,69130.2,70016.408833947,3.149,886.208834,66339.222,66339.222,70016.408834,-1.282,-1.452,sl,1,short_no_sweep
BTCUSDT,short,2026-03-04 09:00:00,2026-03-04 09:00:00,71011.4,71870.74623386416,3.196,859.346234,68264.94,68264.94,71870.746234,-1.21,-1.38,sl,1,short_no_sweep
BTCUSDT,short,2026-03-04 11:00:00,2026-03-04 14:00:00,71348.92,72215.84608940329,3.017,866.926089,68733.411,68733.411,72215.846089,-1.215,-1.385,sl,4,short_no_sweep
BTCUSDT,short,2026-03-04 16:00:00,2026-03-06 13:00:00,73396.87,69616.528,4.098,922.575572,69616.528,69616.528,74319.445572,5.151,4.981,tp,46,short_no_sweep
BTCUSDT,short,2026-03-13 14:00:00,2026-03-13 16:00:00,73379.18,71383.621,3.387,589.19036,71383.621,71383.621,73968.37036,2.72,2.55,tp,3,short_no_sweep
BTCUSDT,short,2026-03-16 06:00:00,2026-03-16 21:00:00,74207.49,74796.34880928382,3.327,588.858809,72248.0885,72248.0885,74796.348809,-0.794,-0.964,sl,16,short_no_sweep
BTCUSDT,short,2026-03-23 13:00:00,2026-03-23 13:00:00,70752.14,71503.73272715003,3.025,751.592727,68478.925,68478.925,71503.732727,-1.062,-1.232,sl,1,short_no_sweep
BTCUSDT,short,2026-03-23 15:00:00,2026-03-25 14:00:00,71446.46,71234.28,3.521,762.868423,68760.7245,68760.7245,72209.328423,0.297,0.127,timeout,48,short_no_sweep
BTCUSDT,short,2026-04-05 23:00:00,2026-04-05 23:00:00,68338.43,68646.64391850035,3.754,308.213919,67181.2855,67181.2855,68646.643919,-0.451,-0.621,sl,1,short_no_sweep
BTCUSDT,short,2026-04-06 01:00:00,2026-04-06 09:00:00,69083.79,69446.8131746253,4.708,363.023175,67374.802,67374.802,69446.813175,-0.525,-0.695,sl,9,short_no_sweep
BTCUSDT,short,2026-04-06 11:00:00,2026-04-06 16:00:00,69770.88,70165.35443996578,3.141,394.47444,68531.746,68531.746,70165.35444,-0.565,-0.735,sl,6,short_no_sweep
BTCUSDT,short,2026-04-07 23:00:00,2026-04-07 23:00:00,71514.1,72106.00446353549,4.588,591.904464,68798.4875,68798.4875,72106.004464,-0.828,-0.998,sl,1,short_no_sweep
BTCUSDT,short,2026-04-08 01:00:00,2026-04-08 13:00:00,71710.19,72365.08344049743,3.988,654.89344,69098.515,69098.515,72365.08344,-0.913,-1.083,sl,13,short_no_sweep
BTCUSDT,short,2026-04-13 15:00:00,2026-04-13 19:00:00,72400.15,72806.00430389683,3.234,405.854304,71087.7125,71087.7125,72806.004304,-0.561,-0.731,sl,5,short_no_sweep
BTCUSDT,short,2026-04-13 21:00:00,2026-04-13 22:00:00,73149.36,73651.19133370608,3.261,501.831334,71512.9575,71512.9575,73651.191334,-0.686,-0.856,sl,2,short_no_sweep
BTCUSDT,short,2026-04-14 00:00:00,2026-04-14 13:00:00,74418.0,74977.72633751905,4.388,559.726338,71961.8555,71961.8555,74977.726338,-0.752,-0.922,sl,14,short_no_sweep
BTCUSDT,short,2026-04-17 14:00:00,2026-04-17 14:00:00,77340.11,77915.84299686177,3.63,575.732997,75250.244,75250.244,77915.842997,-0.744,-0.914,sl,1,short_no_sweep
BTCUSDT,short,2026-04-17 16:00:00,2026-04-18 18:00:00,77785.03,75515.34850000001,3.753,604.821513,75515.3485,75515.3485,78389.851513,2.918,2.748,tp,27,short_no_sweep
BTCUSDT,short,2026-04-22 07:00:00,2026-04-22 13:00:00,78010.73,78570.21279992112,3.023,559.4828,76319.5245,76319.5245,78570.2128,-0.717,-0.887,sl,7,short_no_sweep
BTCUSDT,short,2026-04-22 15:00:00,2026-04-23 10:00:00,79045.75,77309.3605,3.565,487.003429,77309.3605,77309.3605,79532.753429,2.197,2.027,tp,20,short_no_sweep
BTCUSDT,short,2026-05-01 14:00:00,2026-05-02 21:00:00,78737.26,79154.10929029007,4.248,416.84929,76966.4255,76966.4255,79154.10929,-0.529,-0.699,sl,32,short_no_sweep
BTCUSDT,short,2026-05-04 03:00:00,2026-05-04 04:00:00,80173.3,80598.9301918403,3.222,425.630192,78801.711,78801.711,80598.930192,-0.531,-0.701,sl,2,short_no_sweep
BTCUSDT,short,2026-02-25 15:00:00,2026-02-25 15:00:00,66973.19,67557.9019240335,3.032,584.711924,65200.272,65200.272,67557.901924,-0.873,-1.043,sl,1,both_with_sweep
BTCUSDT,short,2026-02-25 17:00:00,2026-02-25 18:00:00,68297.35,68925.03176102889,4.392,627.681761,65540.3595,65540.3595,68925.031761,-0.919,-1.089,sl,2,both_with_sweep
BTCUSDT,short,2026-03-04 16:00:00,2026-03-06 13:00:00,73396.87,69616.528,4.098,922.575572,69616.528,69616.528,74319.445572,5.151,4.981,tp,46,both_with_sweep
BTCUSDT,long,2026-03-18 20:00:00,2026-03-19 07:00:00,71072.38,70461.87942890519,-3.161,610.500571,73002.3965,73002.3965,70461.879429,-0.859,-1.029,sl,12,both_with_sweep
BTCUSDT,long,2026-03-27 14:00:00,2026-03-27 17:00:00,66188.31,65634.37685869075,-3.651,553.933141,68210.663,68210.663,65634.376859,-0.837,-1.007,sl,4,both_with_sweep
BTCUSDT,long,2026-03-27 19:00:00,2026-03-29 18:00:00,65836.69,66427.26,-3.013,554.174284,67506.4725,67506.4725,65282.515716,0.897,0.727,timeout,48,both_with_sweep
BTCUSDT,short,2026-04-06 05:00:00,2026-04-06 09:00:00,69141.81,69501.1381588524,3.694,359.328159,67814.5995,67814.5995,69501.138159,-0.52,-0.69,sl,5,both_with_sweep
BTCUSDT,short,2026-04-08 04:00:00,2026-04-08 06:00:00,71287.39,71877.29665042742,3.01,589.90665,69511.882,69511.882,71877.29665,-0.828,-0.998,sl,3,both_with_sweep
BTCUSDT,short,2026-04-13 20:00:00,2026-04-13 22:00:00,73322.0,73832.64220552963,3.738,510.642206,71414.1205,71414.1205,73832.642206,-0.696,-0.866,sl,3,both_with_sweep
BTCUSDT,short,2026-04-14 04:00:00,2026-04-14 13:00:00,74444.44,74950.74022297692,3.548,506.300223,72648.085,72648.085,74950.740223,-0.68,-0.85,sl,10,both_with_sweep
BTCUSDT,short,2026-04-17 14:00:00,2026-04-17 14:00:00,77340.11,77915.84299686177,3.63,575.732997,75250.244,75250.244,77915.842997,-0.744,-0.914,sl,1,both_with_sweep
BTCUSDT,long,2026-04-20 00:00:00,2026-04-20 07:00:00,73801.8,75156.98899999999,-3.193,424.370606,75156.989,75156.989,73377.429394,1.836,1.666,tp,8,both_with_sweep
BTCUSDT,short,2026-04-22 14:00:00,2026-04-22 15:00:00,78840.94,79319.49600057103,3.559,478.556001,77137.5835,77137.5835,79319.496001,-0.607,-0.777,sl,2,both_with_sweep
BTCUSDT,short,2026-05-01 14:00:00,2026-05-02 21:00:00,78737.26,79154.10929029007,4.248,416.84929,76966.4255,76966.4255,79154.10929,-0.529,-0.699,sl,32,both_with_sweep
BTCUSDT,short,2026-05-04 03:00:00,2026-05-04 04:00:00,80173.3,80598.9301918403,3.222,425.630192,78801.711,78801.711,80598.930192,-0.531,-0.701,sl,2,both_with_sweep
ETHUSDT,short,2026-02-25 23:00:00,2026-02-26 16:00:00,2083.14,1979.8195,3.445,29.997931,1979.8195,1979.8195,2113.137931,4.96,4.79,tp,18,short_with_sweep
ETHUSDT,short,2026-03-01 02:00:00,2026-03-01 02:00:00,2012.37,2041.749961642713,3.436,29.379962,1911.4215,1911.4215,2041.749962,-1.46,-1.63,sl,1,short_with_sweep
ETHUSDT,short,2026-03-04 16:00:00,2026-03-04 19:00:00,2150.23,2182.9240034879235,4.067,32.694003,2017.2515,2017.2515,2182.924003,-1.52,-1.69,sl,4,short_with_sweep
ETHUSDT,short,2026-03-13 14:00:00,2026-03-13 17:00:00,2185.53,2103.1045,3.333,24.728996,2103.1045,2103.1045,2210.258996,3.771,3.601,tp,4,short_with_sweep
ETHUSDT,short,2026-03-16 04:00:00,2026-03-16 04:00:00,2235.67,2260.1357495347897,4.144,24.46575,2134.284,2134.284,2260.13575,-1.094,-1.264,sl,1,short_with_sweep
ETHUSDT,short,2026-03-16 10:00:00,2026-03-16 12:00:00,2260.51,2286.0037614211915,3.22,25.493761,2178.413,2178.413,2286.003761,-1.128,-1.298,sl,3,short_with_sweep
ETHUSDT,short,2026-04-06 00:00:00,2026-04-06 00:00:00,2110.17,2125.230669124627,3.755,15.060669,2053.613,2053.613,2125.230669,-0.714,-0.884,sl,1,short_with_sweep
ETHUSDT,short,2026-04-06 05:00:00,2026-04-06 08:00:00,2131.06,2146.894275341543,3.588,15.834275,2074.242,2074.242,2146.894275,-0.743,-0.913,sl,4,short_with_sweep
ETHUSDT,short,2026-04-06 10:00:00,2026-04-06 15:00:00,2150.97,2167.992021766205,3.078,17.022022,2098.577,2098.577,2167.992022,-0.791,-0.961,sl,6,short_with_sweep
ETHUSDT,short,2026-04-11 19:00:00,2026-04-11 19:00:00,2305.43,2321.3377411828997,3.737,15.907741,2245.9865,2245.9865,2321.337741,-0.69,-0.86,sl,1,short_with_sweep
ETHUSDT,short,2026-04-14 04:00:00,2026-04-14 07:00:00,2365.5,2389.7427126203384,4.273,24.242713,2261.9205,2261.9205,2389.742713,-1.025,-1.195,sl,4,short_with_sweep
ETHUSDT,short,2026-04-14 09:00:00,2026-04-14 14:00:00,2387.62,2409.713488365977,3.602,22.093488,2308.024,2308.024,2409.713488,-0.925,-1.095,sl,6,short_with_sweep
ETHUSDT,short,2026-04-17 14:00:00,2026-04-17 16:00:00,2437.05,2460.7143486515847,3.768,23.664349,2347.8755,2347.8755,2460.714349,-0.971,-1.141,sl,3,short_with_sweep
ETHUSDT,short,2026-04-27 01:00:00,2026-04-27 01:00:00,2390.56,2404.3441101750323,3.124,13.78411,2347.7035,2347.7035,2404.34411,-0.577,-0.747,sl,1,short_with_sweep
ETHUSDT,short,2026-05-10 18:00:00,2026-05-10 20:00:00,2364.11,2331.2355,3.513,9.355783,2331.2355,2331.2355,2373.465783,1.391,1.221,tp,3,short_with_sweep
ETHUSDT,short,2026-02-25 02:00:00,2026-02-25 02:00:00,1918.34,1939.4844152568862,3.476,21.144415,1844.8485,1844.8485,1939.484415,-1.102,-1.272,sl,1,short_no_sweep
ETHUSDT,short,2026-02-25 13:00:00,2026-02-25 13:00:00,1953.44,1974.186657651115,3.115,20.746658,1888.8145,1888.8145,1974.186658,-1.062,-1.232,sl,1,short_no_sweep
ETHUSDT,short,2026-02-25 15:00:00,2026-02-25 15:00:00,1997.38,2019.7105364440738,4.299,22.330536,1901.3865,1901.3865,2019.710536,-1.118,-1.288,sl,1,short_no_sweep
ETHUSDT,short,2026-02-25 17:00:00,2026-02-25 17:00:00,2046.34,2070.9373503012675,5.183,24.59735,1918.8375,1918.8375,2070.93735,-1.202,-1.372,sl,1,short_no_sweep
ETHUSDT,short,2026-02-25 19:00:00,2026-02-25 21:00:00,2074.11,2099.8309295965014,5.195,25.72093,1940.502,1940.502,2099.83093,-1.24,-1.41,sl,3,short_no_sweep
ETHUSDT,short,2026-02-25 23:00:00,2026-02-26 16:00:00,2083.14,1979.8195,3.445,29.997931,1979.8195,1979.8195,2113.137931,4.96,4.79,tp,18,short_no_sweep
ETHUSDT,short,2026-03-01 02:00:00,2026-03-01 02:00:00,2012.37,2041.749961642713,3.436,29.379962,1911.4215,1911.4215,2041.749962,-1.46,-1.63,sl,1,short_no_sweep
ETHUSDT,short,2026-03-01 04:00:00,2026-03-01 20:00:00,2023.29,1928.7795,3.152,29.98563,1928.7795,1928.7795,2053.27563,4.671,4.501,tp,17,short_no_sweep
ETHUSDT,short,2026-03-02 17:00:00,2026-03-03 08:00:00,2064.33,1961.4615,3.044,33.788454,1961.4615,1961.4615,2098.118454,4.983,4.813,tp,16,short_no_sweep
ETHUSDT,short,2026-03-04 10:00:00,2026-03-04 14:00:00,2075.24,2104.4765688566595,3.053,29.236569,1985.9735,1985.9735,2104.476569,-1.409,-1.579,sl,5,short_no_sweep
ETHUSDT,short,2026-03-04 16:00:00,2026-03-04 19:00:00,2150.23,2182.9240034879235,4.067,32.694003,2017.2515,2017.2515,2182.924003,-1.52,-1.69,sl,4,short_no_sweep
ETHUSDT,short,2026-03-13 14:00:00,2026-03-13 17:00:00,2185.53,2103.1045,3.333,24.728996,2103.1045,2103.1045,2210.258996,3.771,3.601,tp,4,short_no_sweep
ETHUSDT,short,2026-03-15 23:00:00,2026-03-16 03:00:00,2184.36,2203.0174833562683,3.835,18.657483,2112.795,2112.795,2203.017483,-0.854,-1.024,sl,5,short_no_sweep
ETHUSDT,short,2026-03-16 05:00:00,2026-03-16 12:00:00,2263.3,2289.041767425162,4.72,25.741767,2141.8025,2141.8025,2289.041767,-1.137,-1.307,sl,8,short_no_sweep
ETHUSDT,short,2026-03-23 14:00:00,2026-03-25 13:00:00,2185.65,2184.37,3.704,31.413126,2069.284,2069.284,2217.063126,0.059,-0.111,timeout,48,short_no_sweep
ETHUSDT,short,2026-04-06 00:00:00,2026-04-06 00:00:00,2110.17,2125.230669124627,3.755,15.060669,2053.613,2053.613,2125.230669,-0.714,-0.884,sl,1,short_no_sweep
ETHUSDT,short,2026-04-06 02:00:00,2026-04-06 02:00:00,2115.11,2130.6294545003166,3.534,15.519455,2060.2805,2060.2805,2130.629455,-0.734,-0.904,sl,1,short_no_sweep
ETHUSDT,short,2026-04-06 04:00:00,2026-04-06 08:00:00,2129.35,2145.659988829354,3.661,16.309989,2069.647,2069.647,2145.659989,-0.766,-0.936,sl,5,short_no_sweep
ETHUSDT,short,2026-04-06 10:00:00,2026-04-06 15:00:00,2150.97,2167.992021766205,3.078,17.022022,2098.577,2098.577,2167.992022,-0.791,-0.961,sl,6,short_no_sweep
ETHUSDT,short,2026-04-07 23:00:00,2026-04-07 23:00:00,2219.78,2244.3694280090835,4.6,24.589428,2106.6575,2106.6575,2244.369428,-1.108,-1.278,sl,1,short_no_sweep
ETHUSDT,short,2026-04-08 01:00:00,2026-04-08 09:00:00,2236.09,2262.801904762934,4.371,26.711905,2119.3325,2119.3325,2262.801905,-1.195,-1.365,sl,9,short_no_sweep
ETHUSDT,short,2026-04-11 19:00:00,2026-04-11 19:00:00,2305.43,2321.3377411828997,3.737,15.907741,2245.9865,2245.9865,2321.337741,-0.69,-0.86,sl,1,short_no_sweep
ETHUSDT,short,2026-04-13 23:00:00,2026-04-13 23:00:00,2352.74,2378.6651306981835,5.184,25.925131,2218.357,2218.357,2378.665131,-1.102,-1.272,sl,1,short_no_sweep
ETHUSDT,short,2026-04-14 01:00:00,2026-04-14 07:00:00,2361.01,2388.0589137142506,4.634,27.048914,2235.649,2235.649,2388.058914,-1.146,-1.316,sl,7,short_no_sweep
ETHUSDT,short,2026-04-14 09:00:00,2026-04-14 14:00:00,2387.62,2409.713488365977,3.602,22.093488,2308.024,2308.024,2409.713488,-0.925,-1.095,sl,6,short_no_sweep
ETHUSDT,short,2026-04-17 14:00:00,2026-04-17 16:00:00,2437.05,2460.7143486515847,3.768,23.664349,2347.8755,2347.8755,2460.714349,-0.971,-1.141,sl,3,short_no_sweep
ETHUSDT,short,2026-04-17 18:00:00,2026-04-18 10:00:00,2440.42,2367.212,3.037,24.10756,2367.212,2367.212,2464.52756,3.0,2.83,tp,17,short_no_sweep
ETHUSDT,short,2026-04-22 06:00:00,2026-04-22 13:00:00,2396.81,2419.9076608469327,3.076,23.097661,2325.7715,2325.7715,2419.907661,-0.964,-1.134,sl,8,short_no_sweep
ETHUSDT,short,2026-04-26 19:00:00,2026-04-26 19:00:00,2361.99,2370.973907884251,3.397,8.983908,2331.4675,2331.4675,2370.973908,-0.38,-0.55,sl,1,short_no_sweep
ETHUSDT,short,2026-04-27 01:00:00,2026-04-27 01:00:00,2390.56,2404.3441101750323,3.124,13.78411,2347.7035,2347.7035,2404.34411,-0.577,-0.747,sl,1,short_no_sweep
ETHUSDT,short,2026-05-01 14:00:00,2026-05-02 21:00:00,2318.22,2331.9541499565057,3.112,13.73415,2275.482,2275.482,2331.95415,-0.592,-0.762,sl,32,short_no_sweep
ETHUSDT,short,2026-05-04 04:00:00,2026-05-04 10:00:00,2385.11,2331.8915,3.092,17.216671,2331.8915,2331.8915,2402.326671,2.231,2.061,tp,7,short_no_sweep
ETHUSDT,short,2026-05-10 18:00:00,2026-05-10 20:00:00,2364.11,2331.2355,3.513,9.355783,2331.2355,2331.2355,2373.465783,1.391,1.221,tp,3,short_no_sweep
ETHUSDT,long,2026-02-15 18:00:00,2026-02-15 19:00:00,1971.3,1948.0948227486174,-3.513,23.205177,2052.81,2052.81,1948.094823,-1.177,-1.347,sl,2,both_with_sweep
ETHUSDT,short,2026-02-25 23:00:00,2026-02-26 16:00:00,2083.14,1979.8195,3.445,29.997931,1979.8195,1979.8195,2113.137931,4.96,4.79,tp,18,both_with_sweep
ETHUSDT,long,2026-02-27 17:00:00,2026-02-27 22:00:00,1927.14,1903.2933987640117,-3.224,23.846601,2004.0245,2004.0245,1903.293399,-1.237,-1.407,sl,6,both_with_sweep
ETHUSDT,short,2026-03-01 02:00:00,2026-03-01 02:00:00,2012.37,2041.749961642713,3.436,29.379962,1911.4215,1911.4215,2041.749962,-1.46,-1.63,sl,1,both_with_sweep
ETHUSDT,short,2026-03-04 16:00:00,2026-03-04 19:00:00,2150.23,2182.9240034879235,4.067,32.694003,2017.2515,2017.2515,2182.924003,-1.52,-1.69,sl,4,both_with_sweep
ETHUSDT,long,2026-03-06 15:00:00,2026-03-06 17:00:00,1981.55,1956.7237693897002,-3.417,24.826231,2066.386,2066.386,1956.723769,-1.253,-1.423,sl,3,both_with_sweep
ETHUSDT,short,2026-03-13 14:00:00,2026-03-13 17:00:00,2185.53,2103.1045,3.333,24.728996,2103.1045,2103.1045,2210.258996,3.771,3.601,tp,4,both_with_sweep
ETHUSDT,short,2026-03-16 04:00:00,2026-03-16 04:00:00,2235.67,2260.1357495347897,4.144,24.46575,2134.284,2134.284,2260.13575,-1.094,-1.264,sl,1,both_with_sweep
ETHUSDT,short,2026-03-16 10:00:00,2026-03-16 12:00:00,2260.51,2286.0037614211915,3.22,25.493761,2178.413,2178.413,2286.003761,-1.128,-1.298,sl,3,both_with_sweep
ETHUSDT,long,2026-03-18 18:00:00,2026-03-18 18:00:00,2204.02,2178.5389909675855,-3.227,25.481009,2286.242,2286.242,2178.538991,-1.156,-1.326,sl,1,both_with_sweep
ETHUSDT,long,2026-03-18 20:00:00,2026-03-18 20:00:00,2185.85,2159.6921911914387,-3.303,26.157809,2272.248,2272.248,2159.692191,-1.197,-1.367,sl,1,both_with_sweep
ETHUSDT,long,2026-03-26 11:00:00,2026-03-26 15:00:00,2078.65,2060.5977804163595,-3.786,18.05222,2147.002,2147.002,2060.59778,-0.868,-1.038,sl,5,both_with_sweep
ETHUSDT,long,2026-03-26 17:00:00,2026-03-26 18:00:00,2060.9,2042.9485006053105,-3.205,17.951499,2118.441,2118.441,2042.948501,-0.871,-1.041,sl,2,both_with_sweep
ETHUSDT,long,2026-03-27 11:00:00,2026-03-27 13:00:00,1991.67,1971.65901232236,-3.238,20.010988,2056.475,2056.475,1971.659012,-1.005,-1.175,sl,3,both_with_sweep
ETHUSDT,long,2026-04-02 11:00:00,2026-04-02 13:00:00,2038.8,2019.2022944917885,-3.089,19.597706,2099.3265,2099.3265,2019.202294,-0.961,-1.131,sl,3,both_with_sweep
ETHUSDT,short,2026-04-06 00:00:00,2026-04-06 00:00:00,2110.17,2125.230669124627,3.755,15.060669,2053.613,2053.613,2125.230669,-0.714,-0.884,sl,1,both_with_sweep
ETHUSDT,short,2026-04-06 05:00:00,2026-04-06 08:00:00,2131.06,2146.894275341543,3.588,15.834275,2074.242,2074.242,2146.894275,-0.743,-0.913,sl,4,both_with_sweep
ETHUSDT,short,2026-04-06 10:00:00,2026-04-06 15:00:00,2150.97,2167.992021766205,3.078,17.022022,2098.577,2098.577,2167.992022,-0.791,-0.961,sl,6,both_with_sweep
ETHUSDT,short,2026-04-11 19:00:00,2026-04-11 19:00:00,2305.43,2321.3377411828997,3.737,15.907741,2245.9865,2245.9865,2321.337741,-0.69,-0.86,sl,1,both_with_sweep
ETHUSDT,short,2026-04-14 04:00:00,2026-04-14 07:00:00,2365.5,2389.7427126203384,4.273,24.242713,2261.9205,2261.9205,2389.742713,-1.025,-1.195,sl,4,both_with_sweep
ETHUSDT,short,2026-04-14 09:00:00,2026-04-14 14:00:00,2387.62,2409.713488365977,3.602,22.093488,2308.024,2308.024,2409.713488,-0.925,-1.095,sl,6,both_with_sweep
ETHUSDT,short,2026-04-17 14:00:00,2026-04-17 16:00:00,2437.05,2460.7143486515847,3.768,23.664349,2347.8755,2347.8755,2460.714349,-0.971,-1.141,sl,3,both_with_sweep
ETHUSDT,short,2026-04-27 01:00:00,2026-04-27 01:00:00,2390.56,2404.3441101750323,3.124,13.78411,2347.7035,2347.7035,2404.34411,-0.577,-0.747,sl,1,both_with_sweep
ETHUSDT,long,2026-04-27 16:00:00,2026-04-29 09:00:00,2275.07,2343.6094999999996,-3.958,17.316708,2343.6095,2343.6095,2257.753292,3.013,2.843,tp,42,both_with_sweep
ETHUSDT,long,2026-04-29 19:00:00,2026-05-01 12:00:00,2239.41,2304.5510000000004,-3.129,20.818429,2304.551,2304.551,2218.591571,2.909,2.739,tp,42,both_with_sweep
ETHUSDT,short,2026-05-10 18:00:00,2026-05-10 20:00:00,2364.11,2331.2355,3.513,9.355783,2331.2355,2331.2355,2373.465783,1.391,1.221,tp,3,both_with_sweep
ETHUSDT,long,2026-05-12 16:00:00,2026-05-13 04:00:00,2261.86,2304.8275000000003,-3.009,14.284728,2304.8275,2304.8275,2247.575272,1.9,1.73,tp,13,both_with_sweep
LINKUSDT,short,2026-02-25 22:00:00,2026-02-26 16:00:00,9.48,8.901,4.218,0.137256,8.901,8.901,9.617256,6.108,5.938,tp,19,short_with_sweep
LINKUSDT,short,2026-03-01 02:00:00,2026-03-01 02:00:00,9.0,9.139568879883152,3.267,0.139569,8.544,8.544,9.139569,-1.551,-1.721,sl,1,short_with_sweep
LINKUSDT,short,2026-03-04 16:00:00,2026-03-06 13:00:00,9.5,8.9605,3.706,0.14558,8.9605,8.9605,9.64558,5.679,5.509,tp,46,short_with_sweep
LINKUSDT,short,2026-03-16 04:00:00,2026-03-16 04:00:00,9.7,9.821025958503494,3.202,0.121026,9.3125,9.3125,9.821026,-1.248,-1.418,sl,1,short_with_sweep
LINKUSDT,short,2026-03-30 09:00:00,2026-03-30 11:00:00,8.8,8.883058919174303,3.136,0.083059,8.5295,8.5295,8.883059,-0.944,-1.114,sl,3,short_with_sweep
LINKUSDT,short,2026-03-30 13:00:00,2026-03-30 19:00:00,8.89,8.606,3.321,0.082494,8.606,8.606,8.972494,3.195,3.025,tp,7,short_with_sweep
LINKUSDT,short,2026-04-06 06:00:00,2026-04-06 09:00:00,8.96,9.037912829577776,3.132,0.077913,8.706,8.706,9.037913,-0.87,-1.04,sl,4,short_with_sweep
LINKUSDT,short,2026-04-07 23:00:00,2026-04-07 23:00:00,9.2,9.311383311674401,4.072,0.111383,8.7465,8.7465,9.311383,-1.211,-1.381,sl,1,short_with_sweep
LINKUSDT,short,2026-04-08 01:00:00,2026-04-09 00:00:00,9.23,8.7915,3.531,0.121346,8.7915,8.7915,9.351346,4.751,4.581,tp,24,short_with_sweep
LINKUSDT,short,2026-05-06 09:00:00,2026-05-06 09:00:00,10.09,10.180993411266357,3.198,0.090993,9.799,9.799,10.180993,-0.902,-1.072,sl,1,short_with_sweep
LINKUSDT,short,2026-05-06 11:00:00,2026-05-06 11:00:00,10.16,10.25412186991844,3.331,0.094122,9.8465,9.8465,10.254122,-0.926,-1.096,sl,1,short_with_sweep
LINKUSDT,short,2026-05-08 23:00:00,2026-05-09 01:00:00,10.38,10.481645439007227,3.291,0.101645,10.0555,10.0555,10.481645,-0.979,-1.149,sl,3,short_with_sweep
LINKUSDT,short,2026-05-10 17:00:00,2026-05-10 17:00:00,10.71,10.790734855019146,3.171,0.080735,10.454,10.454,10.790735,-0.754,-0.924,sl,1,short_with_sweep
LINKUSDT,short,2026-02-25 02:00:00,2026-02-25 11:00:00,8.56,8.663636919692692,3.363,0.103637,8.2115,8.2115,8.663637,-1.211,-1.381,sl,10,short_no_sweep
LINKUSDT,short,2026-02-25 13:00:00,2026-02-25 13:00:00,8.82,8.927031923645313,3.667,0.107032,8.4175,8.4175,8.927032,-1.214,-1.384,sl,1,short_no_sweep
LINKUSDT,short,2026-02-25 15:00:00,2026-02-25 15:00:00,9.12,9.241420383143153,5.156,0.12142,8.494,8.494,9.24142,-1.331,-1.501,sl,1,short_no_sweep
LINKUSDT,short,2026-02-25 17:00:00,2026-02-25 21:00:00,9.45,9.583520636485677,6.314,0.133521,8.607,8.607,9.583521,-1.413,-1.583,sl,5,short_no_sweep
LINKUSDT,short,2026-02-25 23:00:00,2026-02-26 16:00:00,9.42,8.9425,3.421,0.139595,8.9425,8.9425,9.559595,5.069,4.899,tp,18,short_no_sweep
LINKUSDT,short,2026-03-01 02:00:00,2026-03-01 02:00:00,9.0,9.139568879883152,3.267,0.139569,8.544,8.544,9.139569,-1.551,-1.721,sl,1,short_no_sweep
LINKUSDT,short,2026-03-01 04:00:00,2026-03-01 20:00:00,9.05,8.6215,3.085,0.142128,8.6215,8.6215,9.192128,4.735,4.565,tp,17,short_no_sweep
LINKUSDT,short,2026-03-04 16:00:00,2026-03-06 13:00:00,9.5,8.9605,3.706,0.14558,8.9605,8.9605,9.64558,5.679,5.509,tp,46,short_no_sweep
LINKUSDT,short,2026-03-16 04:00:00,2026-03-16 04:00:00,9.7,9.821025958503494,3.202,0.121026,9.3125,9.3125,9.821026,-1.248,-1.418,sl,1,short_no_sweep
LINKUSDT,short,2026-03-16 06:00:00,2026-03-16 18:00:00,9.76,9.881547892791279,3.279,0.121548,9.3615,9.3615,9.881548,-1.245,-1.415,sl,13,short_no_sweep
LINKUSDT,short,2026-03-23 14:00:00,2026-03-25 00:00:00,9.17,9.298214744319765,3.284,0.128215,8.749,8.749,9.298215,-1.398,-1.568,sl,35,short_no_sweep
LINKUSDT,short,2026-03-30 09:00:00,2026-03-30 11:00:00,8.8,8.883058919174303,3.136,0.083059,8.5295,8.5295,8.883059,-0.944,-1.114,sl,3,short_no_sweep
LINKUSDT,short,2026-03-30 13:00:00,2026-03-30 19:00:00,8.89,8.606,3.321,0.082494,8.606,8.606,8.972494,3.195,3.025,tp,7,short_no_sweep
LINKUSDT,short,2026-04-01 07:00:00,2026-04-01 07:00:00,9.1,9.199759828095818,3.263,0.09976,8.7745,8.7745,9.19976,-1.096,-1.266,sl,1,short_no_sweep
LINKUSDT,short,2026-04-06 00:00:00,2026-04-06 00:00:00,8.83,8.902734751917409,3.032,0.072735,8.5995,8.5995,8.902735,-0.824,-0.994,sl,1,short_no_sweep
LINKUSDT,short,2026-04-06 02:00:00,2026-04-06 02:00:00,8.88,8.958327413643072,3.23,0.078327,8.627,8.627,8.958327,-0.882,-1.052,sl,1,short_no_sweep
LINKUSDT,short,2026-04-06 04:00:00,2026-04-06 08:00:00,8.93,9.0132006780902,3.047,0.083201,8.6665,8.6665,9.013201,-0.932,-1.102,sl,5,short_no_sweep
LINKUSDT,short,2026-04-06 10:00:00,2026-04-06 23:00:00,9.09,8.797,3.27,0.086545,8.797,8.797,9.176545,3.223,3.053,tp,14,short_no_sweep
LINKUSDT,short,2026-04-07 23:00:00,2026-04-07 23:00:00,9.2,9.311383311674401,4.072,0.111383,8.7465,8.7465,9.311383,-1.211,-1.381,sl,1,short_no_sweep
LINKUSDT,short,2026-04-08 01:00:00,2026-04-09 00:00:00,9.23,8.7915,3.531,0.121346,8.7915,8.7915,9.351346,4.751,4.581,tp,24,short_no_sweep
LINKUSDT,short,2026-04-11 20:00:00,2026-04-11 23:00:00,9.27,9.052499999999998,3.121,0.069687,9.0525,9.0525,9.339687,2.346,2.176,tp,4,short_no_sweep
LINKUSDT,short,2026-04-13 23:00:00,2026-04-13 23:00:00,9.33,9.434179611437441,4.617,0.10418,8.849,8.849,9.43418,-1.117,-1.287,sl,1,short_no_sweep
LINKUSDT,short,2026-05-04 10:00:00,2026-05-05 07:00:00,9.52,9.606637102430446,3.209,0.086637,9.242,9.242,9.606637,-0.91,-1.08,sl,22,short_no_sweep
LINKUSDT,short,2026-05-06 09:00:00,2026-05-06 09:00:00,10.09,10.180993411266357,3.198,0.090993,9.799,9.799,10.180993,-0.902,-1.072,sl,1,short_no_sweep
LINKUSDT,short,2026-05-06 11:00:00,2026-05-06 11:00:00,10.16,10.25412186991844,3.331,0.094122,9.8465,9.8465,10.254122,-0.926,-1.096,sl,1,short_no_sweep
LINKUSDT,short,2026-05-08 18:00:00,2026-05-08 18:00:00,10.3,10.400874152188763,3.613,0.100874,9.9255,9.9255,10.400874,-0.979,-1.149,sl,1,short_no_sweep
LINKUSDT,short,2026-05-08 20:00:00,2026-05-09 01:00:00,10.37,10.478049651632146,3.619,0.10805,9.979,9.979,10.47805,-1.042,-1.212,sl,6,short_no_sweep
LINKUSDT,short,2026-05-09 03:00:00,2026-05-10 16:00:00,10.57,10.68008578153596,3.606,0.110086,10.183,10.183,10.680086,-1.041,-1.211,sl,38,short_no_sweep
LINKUSDT,short,2026-05-10 18:00:00,2026-05-10 20:00:00,10.79,10.473,3.731,0.084968,10.473,10.473,10.874968,2.938,2.768,tp,3,short_no_sweep
LINKUSDT,short,2026-02-25 22:00:00,2026-02-26 16:00:00,9.48,8.901,4.218,0.137256,8.901,8.901,9.617256,6.108,5.938,tp,19,both_with_sweep
LINKUSDT,short,2026-03-01 02:00:00,2026-03-01 02:00:00,9.0,9.139568879883152,3.267,0.139569,8.544,8.544,9.139569,-1.551,-1.721,sl,1,both_with_sweep
LINKUSDT,short,2026-03-04 16:00:00,2026-03-06 13:00:00,9.5,8.9605,3.706,0.14558,8.9605,8.9605,9.64558,5.679,5.509,tp,46,both_with_sweep
LINKUSDT,long,2026-03-06 17:00:00,2026-03-08 02:00:00,8.74,8.620667244372484,-3.21,0.119333,9.123,9.123,8.620667,-1.365,-1.535,sl,34,both_with_sweep
LINKUSDT,short,2026-03-16 04:00:00,2026-03-16 04:00:00,9.7,9.821025958503494,3.202,0.121026,9.3125,9.3125,9.821026,-1.248,-1.418,sl,1,both_with_sweep
LINKUSDT,long,2026-03-18 13:00:00,2026-03-18 14:00:00,9.38,9.270216548680294,-3.698,0.109783,9.796,9.796,9.270217,-1.17,-1.34,sl,2,both_with_sweep
LINKUSDT,long,2026-03-18 18:00:00,2026-03-18 20:00:00,9.23,9.111457861696675,-3.454,0.118542,9.6395,9.6395,9.111458,-1.284,-1.454,sl,3,both_with_sweep
LINKUSDT,long,2026-03-22 00:00:00,2026-03-22 00:00:00,8.82,8.749844879609464,-3.813,0.070155,9.0875,9.0875,8.749845,-0.795,-0.965,sl,1,both_with_sweep
LINKUSDT,long,2026-03-26 11:00:00,2026-03-26 15:00:00,8.98,8.89836726415987,-3.314,0.081633,9.2505,9.2505,8.898367,-0.909,-1.079,sl,5,both_with_sweep
LINKUSDT,long,2026-03-27 11:00:00,2026-03-27 18:00:00,8.6,8.510740807383279,-3.143,0.089259,8.8805,8.8805,8.510741,-1.038,-1.208,sl,8,both_with_sweep
LINKUSDT,short,2026-03-30 09:00:00,2026-03-30 11:00:00,8.8,8.883058919174303,3.136,0.083059,8.5295,8.5295,8.883059,-0.944,-1.114,sl,3,both_with_sweep
LINKUSDT,short,2026-03-30 13:00:00,2026-03-30 19:00:00,8.89,8.606,3.321,0.082494,8.606,8.606,8.972494,3.195,3.025,tp,7,both_with_sweep
LINKUSDT,long,2026-04-02 09:00:00,2026-04-04 08:00:00,8.51,8.65,-3.404,0.09475,8.8225,8.8225,8.41525,1.645,1.475,timeout,48,both_with_sweep
LINKUSDT,short,2026-04-06 06:00:00,2026-04-06 09:00:00,8.96,9.037912829577776,3.132,0.077913,8.706,8.706,9.037913,-0.87,-1.04,sl,4,both_with_sweep
LINKUSDT,short,2026-04-07 23:00:00,2026-04-07 23:00:00,9.2,9.311383311674401,4.072,0.111383,8.7465,8.7465,9.311383,-1.211,-1.381,sl,1,both_with_sweep
LINKUSDT,short,2026-04-08 01:00:00,2026-04-09 00:00:00,9.23,8.7915,3.531,0.121346,8.7915,8.7915,9.351346,4.751,4.581,tp,24,both_with_sweep
LINKUSDT,long,2026-04-23 03:00:00,2026-04-24 19:00:00,9.2,9.4275,-3.032,0.07503,9.4275,9.4275,9.12497,2.473,2.303,tp,41,both_with_sweep
LINKUSDT,long,2026-04-27 16:00:00,2026-04-29 10:00:00,9.18,9.402000000000001,-3.189,0.069605,9.402,9.402,9.110395,2.418,2.248,tp,43,both_with_sweep
LINKUSDT,short,2026-05-06 09:00:00,2026-05-06 09:00:00,10.09,10.180993411266357,3.198,0.090993,9.799,9.799,10.180993,-0.902,-1.072,sl,1,both_with_sweep
LINKUSDT,short,2026-05-06 11:00:00,2026-05-06 11:00:00,10.16,10.25412186991844,3.331,0.094122,9.8465,9.8465,10.254122,-0.926,-1.096,sl,1,both_with_sweep
LINKUSDT,short,2026-05-08 23:00:00,2026-05-09 01:00:00,10.38,10.481645439007227,3.291,0.101645,10.0555,10.0555,10.481645,-0.979,-1.149,sl,3,both_with_sweep
LINKUSDT,short,2026-05-10 17:00:00,2026-05-10 17:00:00,10.71,10.790734855019146,3.171,0.080735,10.454,10.454,10.790735,-0.754,-0.924,sl,1,both_with_sweep
DOGEUSDT,short,2026-02-25 21:00:00,2026-02-25 21:00:00,0.10404,0.10543360388923904,5.154,0.001394,0.096858,0.096858,0.105434,-1.339,-1.509,sl,1,short_with_sweep
DOGEUSDT,short,2026-02-25 23:00:00,2026-02-26 15:00:00,0.10294,0.0978975,3.12,0.001616,0.097897,0.097897,0.104556,4.898,4.728,tp,17,short_with_sweep
DOGEUSDT,short,2026-03-01 03:00:00,2026-03-01 17:00:00,0.09704,0.0917345,3.597,0.001478,0.091734,0.091734,0.098518,5.467,5.297,tp,15,short_with_sweep
DOGEUSDT,short,2026-03-10 15:00:00,2026-03-11 02:00:00,0.09935,0.09286950000000001,4.276,0.001516,0.09287,0.09287,0.100866,6.523,6.353,tp,12,short_with_sweep
DOGEUSDT,short,2026-03-16 04:00:00,2026-03-16 04:00:00,0.09998,0.10116094597761721,3.052,0.001181,0.096366,0.096366,0.101161,-1.181,-1.351,sl,1,short_with_sweep
DOGEUSDT,short,2026-03-16 06:00:00,2026-03-16 08:00:00,0.10159,0.10279408097049647,3.937,0.001204,0.09685,0.09685,0.102794,-1.185,-1.355,sl,3,short_with_sweep
DOGEUSDT,short,2026-03-28 14:00:00,2026-03-28 14:00:00,0.09269,0.09338922025731163,3.028,0.000699,0.090573,0.090573,0.093389,-0.754,-0.924,sl,1,short_with_sweep
DOGEUSDT,short,2026-04-06 01:00:00,2026-04-06 02:00:00,0.09278,0.09341679453748444,3.303,0.000637,0.090677,0.090677,0.093417,-0.686,-0.856,sl,2,short_with_sweep
DOGEUSDT,short,2026-04-13 23:00:00,2026-04-14 09:00:00,0.09406,0.0948144570336219,3.055,0.000754,0.091746,0.091746,0.094814,-0.802,-0.972,sl,11,short_with_sweep
DOGEUSDT,short,2026-04-14 14:00:00,2026-04-14 14:00:00,0.09707,0.09803596610327432,3.478,0.000966,0.09371,0.09371,0.098036,-0.995,-1.165,sl,1,short_with_sweep
DOGEUSDT,short,2026-04-29 06:00:00,2026-04-29 07:00:00,0.10231,0.10313215550240523,3.058,0.000822,0.099795,0.099795,0.103132,-0.804,-0.974,sl,2,short_with_sweep
DOGEUSDT,short,2026-05-04 02:00:00,2026-05-04 03:00:00,0.11253,0.11359032145536792,3.674,0.00106,0.108634,0.108634,0.11359,-0.942,-1.112,sl,2,short_with_sweep
DOGEUSDT,short,2026-02-25 14:00:00,2026-02-25 14:00:00,0.09701,0.09811576479142474,3.607,0.001106,0.093011,0.093011,0.098116,-1.14,-1.31,sl,1,short_no_sweep
DOGEUSDT,short,2026-02-25 16:00:00,2026-02-25 17:00:00,0.10158,0.10297027678444276,5.497,0.00139,0.093928,0.093928,0.10297,-1.369,-1.539,sl,2,short_no_sweep
DOGEUSDT,short,2026-02-25 19:00:00,2026-02-25 21:00:00,0.10359,0.10501790746917665,5.61,0.001428,0.09558,0.09558,0.105018,-1.378,-1.548,sl,3,short_no_sweep
DOGEUSDT,short,2026-02-25 23:00:00,2026-02-26 15:00:00,0.10294,0.0978975,3.12,0.001616,0.097897,0.097897,0.104556,4.898,4.728,tp,17,short_no_sweep
DOGEUSDT,short,2026-03-01 03:00:00,2026-03-01 17:00:00,0.09704,0.0917345,3.597,0.001478,0.091734,0.091734,0.098518,5.467,5.297,tp,15,short_no_sweep
DOGEUSDT,short,2026-03-04 15:00:00,2026-03-04 15:00:00,0.09525,0.09663590452965706,3.168,0.001386,0.090849,0.090849,0.096636,-1.455,-1.625,sl,1,short_no_sweep
DOGEUSDT,short,2026-03-04 17:00:00,2026-03-04 17:00:00,0.09961,0.10125182584444921,4.723,0.001642,0.091855,0.091855,0.101252,-1.648,-1.818,sl,1,short_no_sweep
DOGEUSDT,short,2026-03-04 19:00:00,2026-03-04 19:00:00,0.10217,0.10393024779444855,5.166,0.00176,0.093076,0.093076,0.10393,-1.723,-1.893,sl,1,short_no_sweep
DOGEUSDT,short,2026-03-04 21:00:00,2026-03-05 14:00:00,0.10223,0.09433450000000002,4.405,0.00179,0.094335,0.094335,0.10402,7.723,7.553,tp,18,short_no_sweep
DOGEUSDT,short,2026-03-10 10:00:00,2026-03-10 13:00:00,0.0952,0.09635272192543631,3.072,0.001153,0.091659,0.091659,0.096353,-1.211,-1.381,sl,4,short_no_sweep
DOGEUSDT,short,2026-03-10 15:00:00,2026-03-11 02:00:00,0.09935,0.09286950000000001,4.276,0.001516,0.09287,0.09287,0.100866,6.523,6.353,tp,12,short_no_sweep
DOGEUSDT,short,2026-03-13 12:00:00,2026-03-13 12:00:00,0.10003,0.10121463663121048,3.281,0.001185,0.096143,0.096143,0.101215,-1.184,-1.354,sl,1,short_no_sweep
DOGEUSDT,short,2026-03-16 04:00:00,2026-03-16 04:00:00,0.09998,0.10116094597761721,3.052,0.001181,0.096366,0.096366,0.101161,-1.181,-1.351,sl,1,short_no_sweep
DOGEUSDT,short,2026-03-16 06:00:00,2026-03-16 08:00:00,0.10159,0.10279408097049647,3.937,0.001204,0.09685,0.09685,0.102794,-1.185,-1.355,sl,3,short_no_sweep
DOGEUSDT,short,2026-03-23 15:00:00,2026-03-25 05:00:00,0.09493,0.0960920148500664,3.312,0.001162,0.091081,0.091081,0.096092,-1.224,-1.394,sl,39,short_no_sweep
DOGEUSDT,short,2026-03-28 14:00:00,2026-03-28 14:00:00,0.09269,0.09338922025731163,3.028,0.000699,0.090573,0.090573,0.093389,-0.754,-0.924,sl,1,short_no_sweep
DOGEUSDT,short,2026-03-28 16:00:00,2026-03-28 23:00:00,0.09406,0.090952,3.713,0.000834,0.090952,0.090952,0.094894,3.304,3.134,tp,8,short_no_sweep
DOGEUSDT,short,2026-04-06 01:00:00,2026-04-06 02:00:00,0.09278,0.09341679453748444,3.303,0.000637,0.090677,0.090677,0.093417,-0.686,-0.856,sl,2,short_no_sweep
DOGEUSDT,short,2026-04-07 23:00:00,2026-04-07 23:00:00,0.09501,0.09583931638424391,4.587,0.000829,0.091196,0.091196,0.095839,-0.873,-1.043,sl,1,short_no_sweep
DOGEUSDT,short,2026-04-08 02:00:00,2026-04-08 10:00:00,0.09447,0.09535717131785126,3.024,0.000887,0.091787,0.091787,0.095357,-0.939,-1.109,sl,9,short_no_sweep
DOGEUSDT,short,2026-04-13 23:00:00,2026-04-14 09:00:00,0.09406,0.0948144570336219,3.055,0.000754,0.091746,0.091746,0.094814,-0.802,-0.972,sl,11,short_no_sweep
DOGEUSDT,short,2026-04-14 14:00:00,2026-04-14 14:00:00,0.09707,0.09803596610327432,3.478,0.000966,0.09371,0.09371,0.098036,-0.995,-1.165,sl,1,short_no_sweep
DOGEUSDT,short,2026-04-22 07:00:00,2026-04-22 11:00:00,0.09768,0.09846214712863784,3.042,0.000782,0.095291,0.095291,0.098462,-0.801,-0.971,sl,5,short_no_sweep
DOGEUSDT,short,2026-04-29 06:00:00,2026-04-29 07:00:00,0.10231,0.10313215550240523,3.058,0.000822,0.099795,0.099795,0.103132,-0.804,-0.974,sl,2,short_no_sweep
DOGEUSDT,short,2026-04-29 09:00:00,2026-04-29 09:00:00,0.10543,0.10645055963512547,4.762,0.001021,0.100581,0.100581,0.106451,-0.968,-1.138,sl,1,short_no_sweep
DOGEUSDT,short,2026-04-29 11:00:00,2026-04-29 18:00:00,0.11008,0.10167899999999999,5.872,0.001432,0.101679,0.101679,0.111512,7.632,7.462,tp,8,short_no_sweep
DOGEUSDT,short,2026-05-04 02:00:00,2026-05-04 03:00:00,0.11253,0.11359032145536792,3.674,0.00106,0.108634,0.108634,0.11359,-0.942,-1.112,sl,2,short_no_sweep
DOGEUSDT,short,2026-05-04 05:00:00,2026-05-04 10:00:00,0.11309,0.109402,3.232,0.001138,0.109402,0.109402,0.114228,3.261,3.091,tp,6,short_no_sweep
DOGEUSDT,short,2026-05-10 18:00:00,2026-05-10 18:00:00,0.11092,0.11164253792814027,3.075,0.000723,0.108698,0.108698,0.111643,-0.651,-0.821,sl,1,short_no_sweep
DOGEUSDT,short,2026-05-13 10:00:00,2026-05-13 13:00:00,0.11428,0.110703,3.53,0.001011,0.110703,0.110703,0.115291,3.13,2.96,tp,4,short_no_sweep
DOGEUSDT,long,2026-02-15 19:00:00,2026-02-15 23:00:00,0.10409,0.10173146106115218,-3.16,0.002359,0.111552,0.111552,0.101731,-2.266,-2.436,sl,5,both_with_sweep
DOGEUSDT,short,2026-02-25 21:00:00,2026-02-25 21:00:00,0.10404,0.10543360388923904,5.154,0.001394,0.096858,0.096858,0.105434,-1.339,-1.509,sl,1,both_with_sweep
DOGEUSDT,short,2026-02-25 23:00:00,2026-02-26 15:00:00,0.10294,0.0978975,3.12,0.001616,0.097897,0.097897,0.104556,4.898,4.728,tp,17,both_with_sweep
DOGEUSDT,short,2026-03-01 03:00:00,2026-03-01 17:00:00,0.09704,0.0917345,3.597,0.001478,0.091734,0.091734,0.098518,5.467,5.297,tp,15,both_with_sweep
DOGEUSDT,short,2026-03-10 15:00:00,2026-03-11 02:00:00,0.09935,0.09286950000000001,4.276,0.001516,0.09287,0.09287,0.100866,6.523,6.353,tp,12,both_with_sweep
DOGEUSDT,short,2026-03-16 04:00:00,2026-03-16 04:00:00,0.09998,0.10116094597761721,3.052,0.001181,0.096366,0.096366,0.101161,-1.181,-1.351,sl,1,both_with_sweep
DOGEUSDT,short,2026-03-16 06:00:00,2026-03-16 08:00:00,0.10159,0.10279408097049647,3.937,0.001204,0.09685,0.09685,0.102794,-1.185,-1.355,sl,3,both_with_sweep
DOGEUSDT,long,2026-03-18 18:00:00,2026-03-19 12:00:00,0.09436,0.09317962493907397,-3.444,0.00118,0.098425,0.098425,0.09318,-1.251,-1.421,sl,19,both_with_sweep
DOGEUSDT,long,2026-03-26 06:00:00,2026-03-26 09:00:00,0.09274,0.09190191452952208,-3.905,0.000838,0.096022,0.096022,0.091902,-0.904,-1.074,sl,4,both_with_sweep
DOGEUSDT,long,2026-03-26 11:00:00,2026-03-26 15:00:00,0.0918,0.09100715671187944,-3.754,0.000793,0.094776,0.094776,0.091007,-0.864,-1.034,sl,5,both_with_sweep
DOGEUSDT,short,2026-03-28 14:00:00,2026-03-28 14:00:00,0.09269,0.09338922025731163,3.028,0.000699,0.090573,0.090573,0.093389,-0.754,-0.924,sl,1,both_with_sweep
DOGEUSDT,short,2026-04-06 01:00:00,2026-04-06 02:00:00,0.09278,0.09341679453748444,3.303,0.000637,0.090677,0.090677,0.093417,-0.686,-0.856,sl,2,both_with_sweep
DOGEUSDT,short,2026-04-13 23:00:00,2026-04-14 09:00:00,0.09406,0.0948144570336219,3.055,0.000754,0.091746,0.091746,0.094814,-0.802,-0.972,sl,11,both_with_sweep
DOGEUSDT,short,2026-04-14 14:00:00,2026-04-14 14:00:00,0.09707,0.09803596610327432,3.478,0.000966,0.09371,0.09371,0.098036,-0.995,-1.165,sl,1,both_with_sweep
DOGEUSDT,short,2026-04-29 06:00:00,2026-04-29 07:00:00,0.10231,0.10313215550240523,3.058,0.000822,0.099795,0.099795,0.103132,-0.804,-0.974,sl,2,both_with_sweep
DOGEUSDT,short,2026-05-04 02:00:00,2026-05-04 03:00:00,0.11253,0.11359032145536792,3.674,0.00106,0.108634,0.108634,0.11359,-0.942,-1.112,sl,2,both_with_sweep
