symbol,entry_ts,exit_ts,entry,exit,rsi_at_entry,rally_at_entry_pct,gross_pct,net_pct,reason,hold_bars_actual
BTCUSDT,2026-02-25 02:00:00,2026-02-25 05:00:00,65896.74,64908.28890000001,70.20537458163479,2.895,1.5,1.33,tp,4
BTCUSDT,2026-02-25 15:00:00,2026-02-25 17:00:00,66973.19,68647.51974999999,73.2362930410773,2.404,-2.5,-2.67,sl,3
BTCUSDT,2026-02-25 19:00:00,2026-02-25 22:00:00,69328.06,68288.1391,84.06292398940914,3.516,1.5,1.33,tp,4
BTCUSDT,2026-03-02 16:00:00,2026-03-03 03:00:00,69130.2,68377.94,69.76495647917405,4.175,1.088,0.918,timeout,12
BTCUSDT,2026-03-04 09:00:00,2026-03-04 15:00:00,71011.4,72786.68499999998,73.49124071831467,4.758,-2.5,-2.67,sl,7
BTCUSDT,2026-03-04 17:00:00,2026-03-05 04:00:00,73294.84,72815.7,79.15191240695185,2.741,0.654,0.484,timeout,12
BTCUSDT,2026-03-09 15:00:00,2026-03-10 02:00:00,69151.5,70272.01,67.57053550299693,2.283,-1.62,-1.79,timeout,12
BTCUSDT,2026-03-23 12:00:00,2026-03-23 23:00:00,70122.15,70906.45,65.07552788065016,2.618,-1.118,-1.288,timeout,12
BTCUSDT,2026-03-30 05:00:00,2026-03-30 16:00:00,67616.28,67368.1,66.6409358408531,2.016,0.367,0.197,timeout,12
BTCUSDT,2026-04-01 07:00:00,2026-04-01 13:00:00,69102.8,68066.258,67.37976339982879,2.119,1.5,1.33,tp,7
BTCUSDT,2026-04-06 00:00:00,2026-04-06 11:00:00,69034.18,69614.91,81.73739839462343,2.484,-0.841,-1.011,timeout,12
BTCUSDT,2026-04-07 23:00:00,2026-04-08 10:00:00,71514.1,71476.98,75.2245775142442,4.488,0.052,-0.118,timeout,12
BTCUSDT,2026-04-13 15:00:00,2026-04-13 22:00:00,72400.15,74210.15374999998,70.10324858731371,2.324,-2.5,-2.67,sl,8
BTCUSDT,2026-04-17 14:00:00,2026-04-18 01:00:00,77340.11,77218.07,73.5836977488211,2.059,0.158,-0.012,timeout,12
BTCUSDT,2026-04-22 03:00:00,2026-04-22 14:00:00,77604.7,79045.75,69.40228111666865,2.584,-1.857,-2.027,timeout,12
BTCUSDT,2026-05-04 04:00:00,2026-05-04 10:00:00,80316.3,79111.5555,74.7675225166851,2.224,1.5,1.33,tp,7
BTCUSDT,2026-05-14 16:00:00,2026-05-15 03:00:00,81301.22,81310.0,67.9869635481221,2.578,-0.011,-0.181,timeout,12
ETHUSDT,2026-02-25 02:00:00,2026-02-25 05:00:00,1918.34,1889.5648999999999,72.32895869959842,3.461,1.5,1.33,tp,4
ETHUSDT,2026-02-25 13:00:00,2026-02-25 15:00:00,1953.44,2002.2759999999998,73.11452719236108,2.258,-2.5,-2.67,sl,3
ETHUSDT,2026-02-25 17:00:00,2026-02-25 21:00:00,2046.34,2097.4984999999997,84.68536858090589,4.756,-2.5,-2.67,sl,5
ETHUSDT,2026-03-01 02:00:00,2026-03-01 08:00:00,2012.37,1982.18445,71.19460296298868,2.793,1.5,1.33,tp,7
ETHUSDT,2026-03-02 16:00:00,2026-03-03 02:00:00,2047.33,2016.62005,69.11009281186077,5.109,1.5,1.33,tp,11
ETHUSDT,2026-03-04 09:00:00,2026-03-04 15:00:00,2063.71,2115.30275,71.53882128997644,5.278,-2.5,-2.67,sl,7
ETHUSDT,2026-03-04 17:00:00,2026-03-04 19:00:00,2142.39,2195.9497499999998,76.3690861960537,4.287,-2.5,-2.67,sl,3
ETHUSDT,2026-03-09 06:00:00,2026-03-09 07:00:00,2010.6,1980.4409999999998,68.62630923296122,3.32,1.5,1.33,tp,2
ETHUSDT,2026-03-13 01:00:00,2026-03-13 12:00:00,2119.19,2146.63,69.58355154048435,2.745,-1.295,-1.465,timeout,12
ETHUSDT,2026-03-13 14:00:00,2026-03-13 14:00:00,2185.53,2152.74705,75.28356070182382,3.405,1.5,1.33,tp,1
ETHUSDT,2026-03-15 23:00:00,2026-03-16 03:00:00,2184.36,2238.969,77.15720562432858,4.059,-2.5,-2.67,sl,5
ETHUSDT,2026-03-16 05:00:00,2026-03-16 16:00:00,2263.3,2297.03,82.10748046495941,4.24,-1.49,-1.66,timeout,12
ETHUSDT,2026-03-16 20:00:00,2026-03-17 04:00:00,2330.92,2295.9562,76.61612494007686,2.508,1.5,1.33,tp,9
ETHUSDT,2026-03-23 12:00:00,2026-03-23 13:00:00,2134.78,2188.1495,67.00751681453777,4.405,-2.5,-2.67,sl,2
ETHUSDT,2026-03-23 15:00:00,2026-03-23 15:00:00,2181.16,2148.4426,72.87206907979947,6.448,1.5,1.33,tp,1
ETHUSDT,2026-03-30 05:00:00,2026-03-30 16:00:00,2048.39,2066.18,68.21629027278044,2.561,-0.868,-1.038,timeout,12
ETHUSDT,2026-04-01 07:00:00,2026-04-01 13:00:00,2151.24,2118.9714,69.72894653176535,3.006,1.5,1.33,tp,7
ETHUSDT,2026-04-06 00:00:00,2026-04-06 09:00:00,2110.17,2162.92425,75.21205946794407,2.318,-2.5,-2.67,sl,10
ETHUSDT,2026-04-07 23:00:00,2026-04-08 10:00:00,2219.78,2242.67,75.47351198326646,6.397,-1.031,-1.201,timeout,12
ETHUSDT,2026-04-10 15:00:00,2026-04-11 02:00:00,2242.76,2248.19,68.12619937519594,2.072,-0.242,-0.412,timeout,12
ETHUSDT,2026-04-11 19:00:00,2026-04-12 01:00:00,2305.43,2270.8485499999997,77.88567910014127,2.825,1.5,1.33,tp,7
ETHUSDT,2026-04-13 20:00:00,2026-04-13 22:00:00,2262.33,2318.8882499999995,68.4297873930862,2.401,-2.5,-2.67,sl,3
ETHUSDT,2026-04-14 00:00:00,2026-04-14 11:00:00,2369.46,2374.53,81.30304317704248,4.735,-0.214,-0.384,timeout,12
ETHUSDT,2026-04-17 14:00:00,2026-04-18 01:00:00,2437.05,2420.99,74.43663734915813,3.304,0.659,0.489,timeout,12
ETHUSDT,2026-04-22 03:00:00,2026-04-22 14:00:00,2370.35,2403.17,69.92160124270917,2.552,-1.385,-1.555,timeout,12
ETHUSDT,2026-05-04 04:00:00,2026-05-04 10:00:00,2385.11,2349.33335,73.0187992721644,2.69,1.5,1.33,tp,7
ETHUSDT,2026-05-06 10:00:00,2026-05-06 13:00:00,2412.77,2376.57845,68.34667509825852,2.018,1.5,1.33,tp,4
LINKUSDT,2026-02-20 16:00:00,2026-02-20 17:00:00,8.83,8.69755,65.3153370860854,2.317,1.5,1.33,tp,2
LINKUSDT,2026-02-20 19:00:00,2026-02-21 06:00:00,8.89,8.87,65.54845769729657,3.368,0.225,0.055,timeout,12
LINKUSDT,2026-02-25 02:00:00,2026-02-25 05:00:00,8.56,8.4316,72.43705728097856,4.39,1.5,1.33,tp,4
LINKUSDT,2026-02-25 10:00:00,2026-02-25 12:00:00,8.58,8.7945,66.21451579935885,2.021,-2.5,-2.67,sl,3
LINKUSDT,2026-02-25 14:00:00,2026-02-25 14:00:00,8.89,9.11225,78.09343113111295,3.613,-2.5,-2.67,sl,1
LINKUSDT,2026-02-25 16:00:00,2026-02-25 21:00:00,9.28,9.511999999999999,85.54401087836696,7.044,-2.5,-2.67,sl,6
LINKUSDT,2026-03-01 02:00:00,2026-03-01 08:00:00,9.0,8.865,67.61169397659039,2.273,1.5,1.33,tp,7
LINKUSDT,2026-03-02 16:00:00,2026-03-02 17:00:00,9.11,8.97335,68.10179630645847,4.713,1.5,1.33,tp,2
LINKUSDT,2026-03-04 09:00:00,2026-03-04 12:00:00,9.19,9.05215,74.27386434419363,4.914,1.5,1.33,tp,4
LINKUSDT,2026-03-04 16:00:00,2026-03-04 22:00:00,9.5,9.3575,78.85071018033031,4.053,1.5,1.33,tp,7
LINKUSDT,2026-03-09 06:00:00,2026-03-09 07:00:00,8.84,8.7074,65.66367505377261,3.513,1.5,1.33,tp,2
LINKUSDT,2026-03-13 01:00:00,2026-03-13 12:00:00,9.25,9.39,67.32689913932938,3.122,-1.514,-1.684,timeout,12
LINKUSDT,2026-03-13 14:00:00,2026-03-13 14:00:00,9.52,9.3772,72.9161917264074,2.697,1.5,1.33,tp,1
LINKUSDT,2026-03-15 23:00:00,2026-03-16 03:00:00,9.49,9.72725,72.68507685182882,3.607,-2.5,-2.67,sl,5
LINKUSDT,2026-03-16 05:00:00,2026-03-16 08:00:00,9.76,9.6136,78.92042003028315,3.066,1.5,1.33,tp,4
LINKUSDT,2026-03-16 20:00:00,2026-03-17 03:00:00,9.93,9.78105,72.9815584471766,2.16,1.5,1.33,tp,8
LINKUSDT,2026-03-23 12:00:00,2026-03-23 14:00:00,8.98,9.2045,65.84988088474176,3.699,-2.5,-2.67,sl,3
LINKUSDT,2026-03-30 05:00:00,2026-03-30 11:00:00,8.68,8.896999999999998,68.36438201045578,2.358,-2.5,-2.67,sl,7
LINKUSDT,2026-04-01 07:00:00,2026-04-01 13:00:00,9.1,8.9635,72.09637347220472,3.881,1.5,1.33,tp,7
LINKUSDT,2026-04-06 00:00:00,2026-04-06 09:00:00,8.83,9.050749999999999,70.56704166707654,2.202,-2.5,-2.67,sl,10
LINKUSDT,2026-04-07 23:00:00,2026-04-08 10:00:00,9.2,9.19,71.76784740028918,6.852,0.109,-0.061,timeout,12
LINKUSDT,2026-04-10 15:00:00,2026-04-11 02:00:00,9.13,9.08,67.66763198139068,2.125,0.548,0.378,timeout,12
LINKUSDT,2026-04-11 19:00:00,2026-04-11 23:00:00,9.21,9.071850000000001,69.52005283621963,2.336,1.5,1.33,tp,5
LINKUSDT,2026-04-13 20:00:00,2026-04-13 22:00:00,9.02,9.245499999999998,65.61512238645571,2.268,-2.5,-2.67,sl,3
LINKUSDT,2026-04-14 00:00:00,2026-04-14 00:00:00,9.36,9.2196,76.16029283745397,3.769,1.5,1.33,tp,1
LINKUSDT,2026-04-14 02:00:00,2026-04-14 12:00:00,9.25,9.11125,66.42199551733074,2.664,1.5,1.33,tp,11
LINKUSDT,2026-04-16 19:00:00,2026-04-17 01:00:00,9.58,9.4363,68.80133536623157,3.68,1.5,1.33,tp,7
LINKUSDT,2026-04-17 14:00:00,2026-04-17 18:00:00,9.79,9.643149999999999,69.86714530075787,2.408,1.5,1.33,tp,5
LINKUSDT,2026-05-04 04:00:00,2026-05-04 09:00:00,9.35,9.583749999999998,74.0233101323604,2.41,-2.5,-2.67,sl,6
LINKUSDT,2026-05-05 13:00:00,2026-05-05 14:00:00,9.78,9.633299999999998,75.74900661849676,2.09,1.5,1.33,tp,2
LINKUSDT,2026-05-06 09:00:00,2026-05-06 14:00:00,10.09,9.938649999999999,78.0761608683183,2.645,1.5,1.33,tp,6
LINKUSDT,2026-05-08 18:00:00,2026-05-09 01:00:00,10.3,10.5575,79.892590216406,3.625,-2.5,-2.67,sl,8
LINKUSDT,2026-05-10 17:00:00,2026-05-10 20:00:00,10.71,10.54935,72.23812577257073,2.0,1.5,1.33,tp,4
LINKUSDT,2026-05-13 10:00:00,2026-05-13 11:00:00,10.7,10.539499999999999,72.69249907534928,2.685,1.5,1.33,tp,2
LINKUSDT,2026-05-14 16:00:00,2026-05-14 23:00:00,10.64,10.480400000000001,67.38494229615463,3.91,1.5,1.33,tp,8
DOGEUSDT,2026-02-20 19:00:00,2026-02-20 22:00:00,0.1015,0.09997750000000001,65.37163650214629,3.699,1.5,1.33,tp,4
DOGEUSDT,2026-02-25 13:00:00,2026-02-25 14:00:00,0.09577,0.09816424999999998,70.31539986994325,2.439,-2.5,-2.67,sl,2
DOGEUSDT,2026-02-25 16:00:00,2026-02-25 19:00:00,0.10158,0.10411949999999999,84.37239646750034,7.961,-2.5,-2.67,sl,4
DOGEUSDT,2026-02-25 22:00:00,2026-02-25 22:00:00,0.10532,0.10374019999999999,88.88478012696625,2.412,1.5,1.33,tp,1
DOGEUSDT,2026-03-01 03:00:00,2026-03-01 06:00:00,0.09704,0.0955844,71.66056657320175,3.311,1.5,1.33,tp,4
DOGEUSDT,2026-03-02 16:00:00,2026-03-02 21:00:00,0.09568,0.0942448,65.42533552070054,4.159,1.5,1.33,tp,6
DOGEUSDT,2026-03-04 10:00:00,2026-03-04 14:00:00,0.09256,0.094874,65.36418330700899,3.697,-2.5,-2.67,sl,5
DOGEUSDT,2026-03-04 16:00:00,2026-03-04 16:00:00,0.09905,0.09756424999999999,82.23495704340687,7.313,1.5,1.33,tp,1
DOGEUSDT,2026-03-04 18:00:00,2026-03-04 22:00:00,0.10182,0.1002927,86.00991140642998,8.239,1.5,1.33,tp,5
DOGEUSDT,2026-03-09 06:00:00,2026-03-09 07:00:00,0.09147,0.09009795,66.28954466152166,2.327,1.5,1.33,tp,2
DOGEUSDT,2026-03-10 10:00:00,2026-03-10 14:00:00,0.0952,0.09758,74.2065611451572,3.704,-2.5,-2.67,sl,5
DOGEUSDT,2026-03-10 16:00:00,2026-03-10 18:00:00,0.09912,0.0976332,78.51052574278606,4.889,1.5,1.33,tp,3
DOGEUSDT,2026-03-12 13:00:00,2026-03-12 14:00:00,0.09513,0.09370305000000001,66.64711885163126,2.357,1.5,1.33,tp,2
DOGEUSDT,2026-03-13 01:00:00,2026-03-13 10:00:00,0.09682,0.0992405,68.41242665684553,2.89,-2.5,-2.67,sl,10
DOGEUSDT,2026-03-13 12:00:00,2026-03-13 14:00:00,0.10003,0.09852955,75.20881740247762,3.647,1.5,1.33,tp,3
DOGEUSDT,2026-03-16 01:00:00,2026-03-16 03:00:00,0.09797,0.10041924999999999,66.3706385038962,2.726,-2.5,-2.67,sl,3
DOGEUSDT,2026-03-16 05:00:00,2026-03-16 14:00:00,0.10071,0.10322774999999998,76.0346022892018,2.797,-2.5,-2.67,sl,10
DOGEUSDT,2026-03-23 13:00:00,2026-03-23 15:00:00,0.09333,0.09566324999999999,67.2862418945473,3.838,-2.5,-2.67,sl,3
DOGEUSDT,2026-03-25 07:00:00,2026-03-25 18:00:00,0.09697,0.09618,72.3005346727915,2.354,0.815,0.645,timeout,12
DOGEUSDT,2026-03-28 15:00:00,2026-03-28 19:00:00,0.09362,0.0922157,77.96431134951061,2.721,1.5,1.33,tp,5
DOGEUSDT,2026-04-01 07:00:00,2026-04-01 08:00:00,0.09429,0.09287565,67.55903605113444,2.746,1.5,1.33,tp,2
DOGEUSDT,2026-04-06 00:00:00,2026-04-06 11:00:00,0.09239,0.09304,70.11344854762271,2.055,-0.704,-0.874,timeout,12
DOGEUSDT,2026-04-07 23:00:00,2026-04-08 10:00:00,0.09501,0.0944,75.27694314365351,4.212,0.642,0.472,timeout,12
DOGEUSDT,2026-04-11 20:00:00,2026-04-11 23:00:00,0.0947,0.0932795,66.66121648050866,2.113,1.5,1.33,tp,4
DOGEUSDT,2026-04-13 23:00:00,2026-04-14 10:00:00,0.09406,0.09441,68.16571875855729,2.451,-0.372,-0.542,timeout,12
DOGEUSDT,2026-04-14 14:00:00,2026-04-14 15:00:00,0.09707,0.09561395,77.26250998743794,2.741,1.5,1.33,tp,2
DOGEUSDT,2026-04-15 20:00:00,2026-04-15 21:00:00,0.09607,0.09462895,70.3010223069198,2.65,1.5,1.33,tp,2
DOGEUSDT,2026-04-16 04:00:00,2026-04-16 10:00:00,0.09703,0.09557455000000001,70.98852144116583,2.255,1.5,1.33,tp,7
DOGEUSDT,2026-04-16 19:00:00,2026-04-17 02:00:00,0.09919,0.09770215,70.00238060495639,3.908,1.5,1.33,tp,8
DOGEUSDT,2026-04-17 14:00:00,2026-04-17 20:00:00,0.10102,0.0995047,68.37782644306301,2.113,1.5,1.33,tp,7
DOGEUSDT,2026-04-22 03:00:00,2026-04-22 14:00:00,0.09655,0.09801,65.77821093165363,2.202,-1.512,-1.682,timeout,12
DOGEUSDT,2026-04-29 04:00:00,2026-04-29 07:00:00,0.10137,0.10390424999999999,70.07811772592336,2.033,-2.5,-2.67,sl,4
DOGEUSDT,2026-04-29 09:00:00,2026-04-29 09:00:00,0.10543,0.10806574999999999,84.37292980966264,3.576,-2.5,-2.67,sl,1
DOGEUSDT,2026-04-29 11:00:00,2026-04-29 12:00:00,0.11008,0.10842879999999999,90.75128913660825,7.762,1.5,1.33,tp,2
DOGEUSDT,2026-05-01 02:00:00,2026-05-01 10:00:00,0.10903,0.10739455,65.9923955201009,2.559,1.5,1.33,tp,9
DOGEUSDT,2026-05-04 02:00:00,2026-05-04 10:00:00,0.11253,0.11084205,73.94878958307243,4.05,1.5,1.33,tp,9
DOGEUSDT,2026-05-10 18:00:00,2026-05-10 20:00:00,0.11092,0.1092562,71.89789705023531,2.438,1.5,1.33,tp,3
