symbol,variant,lookback,thr,hold,n_trades,win_rate,avg_net_pct,total_ret_pct,hodl_pct,max_dd_pct,sharpe,avg_size
BTCUSDT,classical,100,2.5,24,20,60.0,0.6663,13.947,19.34,-2.032,8.189,1.0
BTCUSDT,classical,100,2.5,12,26,61.54,0.293,7.605,19.34,-3.946,5.313,1.0
BTCUSDT,classical,100,2.0,24,28,60.71,0.3463,9.863,19.34,-3.295,4.651,1.0
BTCUSDT,classical,100,1.5,24,46,52.17,0.3938,18.623,19.34,-6.39,3.546,1.0
BTCUSDT,classical,100,2.0,12,46,54.35,0.1517,6.757,19.34,-6.292,2.954,1.0
BTCUSDT,classical,100,1.5,12,72,56.94,0.1514,10.261,19.34,-6.096,2.3,1.0
BTCUSDT,classical,20,1.5,24,72,54.17,0.2116,13.965,19.34,-11.534,1.642,1.0
BTCUSDT,classical,20,2.0,24,59,50.85,0.0688,2.239,19.34,-15.409,0.52,1.0
BTCUSDT,classical,50,2.0,12,59,47.46,-0.04,-3.02,19.34,-10.613,-0.694,1.0
BTCUSDT,classical,50,2.0,24,43,51.16,-0.1975,-8.967,19.34,-15.121,-1.838,1.0
BTCUSDT,classical,50,1.5,24,60,45.0,-0.2091,-12.936,19.34,-17.456,-1.908,1.0
BTCUSDT,classical,20,1.5,12,109,45.87,-0.1839,-19.51,19.34,-26.122,-2.865,1.0
BTCUSDT,classical,50,2.5,24,29,37.93,-0.3068,-8.944,19.34,-10.146,-3.252,1.0
BTCUSDT,classical,50,1.5,12,98,48.98,-0.184,-17.439,19.34,-22.773,-3.286,1.0
BTCUSDT,classical,20,2.5,24,43,39.53,-0.4278,-17.78,19.34,-23.807,-3.519,1.0
BTCUSDT,classical,20,2.0,12,77,49.35,-0.2514,-18.656,19.34,-26.535,-3.738,1.0
BTCUSDT,classical,50,2.5,12,33,42.42,-0.2484,-8.257,19.34,-12.531,-4.182,1.0
BTCUSDT,classical,20,2.5,12,51,45.1,-0.2822,-14.107,19.34,-22.096,-4.286,1.0
BTCUSDT,kronos_gated,100,2.5,12,18,66.67,0.548,10.227,19.34,-1.507,13.517,1.0
BTCUSDT,kronos_gated,100,2.5,24,15,80.0,0.9389,14.892,19.34,-1.381,12.749,1.0
BTCUSDT,kronos_gated,100,2.0,24,22,68.18,0.34,7.548,19.34,-2.951,4.834,1.0
BTCUSDT,kronos_gated,100,2.0,12,37,54.05,0.1536,5.588,19.34,-3.392,3.584,1.0
BTCUSDT,kronos_gated,100,1.5,24,33,54.55,0.2136,6.787,19.34,-5.447,2.357,1.0
BTCUSDT,kronos_gated,50,2.5,24,17,52.94,0.1547,2.447,19.34,-5.25,1.816,1.0
BTCUSDT,kronos_gated,50,2.0,24,29,62.07,0.1328,3.393,19.34,-8.454,1.331,1.0
BTCUSDT,kronos_gated,20,1.5,12,65,53.85,0.0567,2.99,19.34,-6.639,1.007,1.0
BTCUSDT,kronos_gated,20,1.5,24,47,46.81,0.0793,2.923,19.34,-12.162,0.79,1.0
BTCUSDT,kronos_gated,100,1.5,12,53,58.49,0.0286,0.991,19.34,-5.865,0.542,1.0
BTCUSDT,kronos_gated,20,2.5,24,28,42.86,-0.0472,-1.851,19.34,-10.189,-0.447,1.0
BTCUSDT,kronos_gated,50,2.0,12,36,44.44,-0.0242,-1.186,19.34,-4.39,-0.482,1.0
BTCUSDT,kronos_gated,50,1.5,24,40,45.0,-0.0983,-4.584,19.34,-10.743,-0.952,1.0
BTCUSDT,kronos_gated,20,2.0,24,37,45.95,-0.1488,-5.968,19.34,-12.973,-1.502,1.0
BTCUSDT,kronos_gated,50,1.5,12,65,49.23,-0.0798,-5.629,19.34,-8.025,-1.566,1.0
BTCUSDT,kronos_gated,20,2.0,12,46,52.17,-0.1828,-8.606,19.34,-13.707,-3.076,1.0
BTCUSDT,kronos_gated,20,2.5,12,29,51.72,-0.2131,-6.304,19.34,-11.127,-3.79,1.0
BTCUSDT,kronos_gated,50,2.5,12,20,40.0,-0.2778,-5.598,19.34,-8.295,-5.21,1.0
BTCUSDT,vol_norm,100,2.5,24,20,60.0,1.6332,36.672,19.34,-3.77,8.702,2.407
BTCUSDT,vol_norm,100,2.5,12,26,61.54,0.8247,22.136,19.34,-9.956,6.738,2.417
BTCUSDT,vol_norm,100,2.0,24,28,60.71,0.8501,24.998,19.34,-7.086,5.042,2.452
BTCUSDT,vol_norm,100,2.0,12,46,54.35,0.4471,20.093,19.34,-12.532,3.852,2.48
BTCUSDT,vol_norm,100,1.5,24,46,52.17,0.726,32.951,19.34,-16.534,2.959,2.419
BTCUSDT,vol_norm,100,1.5,12,72,56.94,0.3595,23.301,19.34,-10.887,2.612,2.413
BTCUSDT,vol_norm,20,1.5,24,72,54.17,0.5568,28.265,19.34,-40.813,1.616,2.903
BTCUSDT,vol_norm,20,2.0,24,59,50.85,-0.2999,-27.314,19.34,-46.779,-0.826,3.047
BTCUSDT,vol_norm,50,2.0,12,59,47.46,-0.2368,-17.381,19.34,-32.202,-1.546,2.631
BTCUSDT,vol_norm,50,1.5,24,60,45.0,-0.6333,-37.155,19.34,-45.772,-2.304,2.525
BTCUSDT,vol_norm,50,2.0,24,43,51.16,-0.8256,-35.6,19.34,-41.513,-2.559,2.711
BTCUSDT,vol_norm,50,1.5,12,98,48.98,-0.5248,-44.477,19.34,-52.025,-3.725,2.581
BTCUSDT,vol_norm,20,2.5,24,43,39.53,-1.259,-46.565,19.34,-54.267,-3.911,2.85
BTCUSDT,vol_norm,20,1.5,12,109,45.87,-0.6866,-57.894,19.34,-64.866,-4.134,2.768
BTCUSDT,vol_norm,20,2.0,12,77,49.35,-0.7633,-49.557,19.34,-61.071,-4.223,2.921
BTCUSDT,vol_norm,50,2.5,24,29,37.93,-1.2028,-32.613,19.34,-34.102,-4.226,2.722
BTCUSDT,vol_norm,20,2.5,12,51,45.1,-0.8105,-38.058,19.34,-48.349,-4.402,2.848
BTCUSDT,vol_norm,50,2.5,12,33,42.42,-0.6695,-21.995,19.34,-28.376,-4.479,2.639
ETHUSDT,classical,100,2.5,24,24,79.17,1.1658,30.971,12.735,-8.112,8.275,1.0
ETHUSDT,classical,100,2.0,24,29,68.97,0.9111,28.857,12.735,-8.112,6.708,1.0
ETHUSDT,classical,100,2.0,12,44,59.09,0.5192,24.188,12.735,-8.114,6.107,1.0
ETHUSDT,classical,100,2.5,12,29,58.62,0.3199,9.058,12.735,-9.827,4.203,1.0
ETHUSDT,classical,100,1.5,24,42,61.9,0.3803,15.393,12.735,-11.168,2.606,1.0
ETHUSDT,classical,50,2.5,12,37,48.65,0.0791,1.973,12.735,-10.401,0.921,1.0
ETHUSDT,classical,50,1.5,24,54,55.56,0.11,3.454,12.735,-19.068,0.684,1.0
ETHUSDT,classical,100,1.5,12,67,55.22,0.0479,1.924,12.735,-15.372,0.655,1.0
ETHUSDT,classical,50,2.0,12,55,50.91,0.0055,-1.231,12.735,-21.072,0.063,1.0
ETHUSDT,classical,20,1.5,24,71,53.52,-0.0569,-7.041,12.735,-19.449,-0.358,1.0
ETHUSDT,classical,50,2.5,24,31,58.06,-0.0692,-3.584,12.735,-22.68,-0.424,1.0
ETHUSDT,classical,50,2.0,24,39,61.54,-0.1166,-6.126,12.735,-25.532,-0.74,1.0
ETHUSDT,classical,50,1.5,12,88,48.86,-0.0778,-8.559,12.735,-26.7,-0.961,1.0
ETHUSDT,classical,20,2.5,24,47,51.06,-0.2059,-11.531,12.735,-25.208,-1.186,1.0
ETHUSDT,classical,20,2.0,24,61,44.26,-0.345,-21.61,12.735,-30.638,-2.009,1.0
ETHUSDT,classical,20,1.5,12,109,44.95,-0.24,-25.385,12.735,-33.823,-2.724,1.0
ETHUSDT,classical,20,2.5,12,54,42.59,-0.3221,-17.251,12.735,-23.007,-3.656,1.0
ETHUSDT,classical,20,2.0,12,81,41.98,-0.6227,-41.069,12.735,-44.393,-7.13,1.0
ETHUSDT,kronos_gated,100,2.0,12,35,60.0,0.6163,22.948,12.735,-8.112,7.418,1.0
ETHUSDT,kronos_gated,100,2.5,24,20,80.0,1.0735,22.857,12.735,-8.112,7.234,1.0
ETHUSDT,kronos_gated,100,2.0,24,24,70.83,0.9418,24.217,12.735,-8.112,6.808,1.0
ETHUSDT,kronos_gated,50,1.5,24,39,66.67,0.5952,24.252,12.735,-11.877,4.179,1.0
ETHUSDT,kronos_gated,50,2.0,24,30,70.0,0.548,16.405,12.735,-14.929,3.679,1.0
ETHUSDT,kronos_gated,50,2.5,24,22,68.18,0.5851,12.48,12.735,-14.303,3.549,1.0
ETHUSDT,kronos_gated,100,1.5,24,33,63.64,0.5312,17.497,12.735,-11.168,3.525,1.0
ETHUSDT,kronos_gated,100,2.5,12,23,52.17,0.2344,5.03,12.735,-9.621,3.044,1.0
ETHUSDT,kronos_gated,100,1.5,12,52,55.77,0.1397,6.394,12.735,-12.284,1.857,1.0
ETHUSDT,kronos_gated,50,1.5,12,59,52.54,0.0932,4.467,12.735,-10.825,1.278,1.0
ETHUSDT,kronos_gated,20,1.5,24,46,47.83,0.1848,6.499,12.735,-12.537,1.132,1.0
ETHUSDT,kronos_gated,20,1.5,12,64,51.56,0.0265,-0.018,12.735,-15.028,0.307,1.0
ETHUSDT,kronos_gated,20,2.5,24,27,62.96,0.0416,-0.103,12.735,-14.6,0.263,1.0
ETHUSDT,kronos_gated,50,2.0,12,40,47.5,-0.0736,-3.692,12.735,-14.002,-0.974,1.0
ETHUSDT,kronos_gated,50,2.5,12,25,48.0,-0.1266,-3.595,12.735,-10.502,-1.692,1.0
ETHUSDT,kronos_gated,20,2.0,24,36,44.44,-0.3097,-11.889,12.735,-18.341,-2.05,1.0
ETHUSDT,kronos_gated,20,2.5,12,30,40.0,-0.2937,-9.199,12.735,-13.891,-3.344,1.0
ETHUSDT,kronos_gated,20,2.0,12,43,41.86,-0.4877,-19.769,12.735,-23.325,-6.093,1.0
ETHUSDT,vol_norm,100,2.5,24,24,79.17,2.1703,62.979,12.735,-13.277,8.551,1.888
ETHUSDT,vol_norm,100,2.0,12,44,59.09,1.1806,62.004,12.735,-13.15,7.918,1.932
ETHUSDT,vol_norm,100,2.0,24,29,68.97,1.8036,62.925,12.735,-13.277,7.394,1.954
ETHUSDT,vol_norm,100,2.5,12,29,58.62,0.7906,23.207,12.735,-16.325,5.658,1.884
ETHUSDT,vol_norm,100,1.5,24,42,61.9,0.677,25.994,12.735,-21.553,2.607,1.923
ETHUSDT,vol_norm,50,2.0,12,55,50.91,0.2962,8.5,12.735,-42.105,1.455,2.159
ETHUSDT,vol_norm,100,1.5,12,67,55.22,0.1809,8.259,12.735,-24.434,1.386,1.912
ETHUSDT,vol_norm,50,2.5,12,37,48.65,0.1875,0.582,12.735,-30.548,0.851,2.265
ETHUSDT,vol_norm,50,1.5,24,54,55.56,-0.2129,-20.552,12.735,-40.269,-0.647,2.079
ETHUSDT,vol_norm,50,2.0,24,39,61.54,-0.249,-17.763,12.735,-49.613,-0.696,2.171
ETHUSDT,vol_norm,20,1.5,24,71,53.52,-0.3413,-35.759,12.735,-46.583,-0.881,2.513
ETHUSDT,vol_norm,50,1.5,12,88,48.86,-0.2508,-26.473,12.735,-46.914,-1.548,2.044
ETHUSDT,vol_norm,20,2.0,24,61,44.26,-0.608,-40.143,12.735,-54.837,-1.717,2.395
ETHUSDT,vol_norm,50,2.5,24,31,58.06,-0.6586,-25.063,12.735,-50.21,-1.799,2.221
ETHUSDT,vol_norm,20,2.5,24,47,51.06,-0.6082,-31.589,12.735,-44.454,-1.894,2.234
ETHUSDT,vol_norm,20,1.5,12,109,44.95,-0.4828,-48.443,12.735,-62.556,-2.642,2.329
ETHUSDT,vol_norm,20,2.5,12,54,42.59,-0.9313,-43.487,12.735,-44.099,-5.193,2.185
ETHUSDT,vol_norm,20,2.0,12,81,41.98,-1.238,-67.176,12.735,-72.342,-6.711,2.321
LINKUSDT,classical,100,2.5,24,20,75.0,1.2208,26.534,17.753,-5.444,8.327,1.0
LINKUSDT,classical,100,1.5,12,71,57.75,0.54,43.946,17.753,-8.076,6.358,1.0
LINKUSDT,classical,100,2.5,12,25,60.0,0.4436,11.192,17.753,-7.097,6.116,1.0
LINKUSDT,classical,100,1.5,24,44,56.82,0.6016,27.86,17.753,-10.218,3.942,1.0
LINKUSDT,classical,100,2.0,24,23,56.52,0.5164,11.754,17.753,-7.001,3.803,1.0
LINKUSDT,classical,50,2.5,24,28,60.71,0.5362,14.139,17.753,-14.062,2.841,1.0
LINKUSDT,classical,100,2.0,12,37,48.65,0.2066,7.1,17.753,-9.939,2.673,1.0
LINKUSDT,classical,20,1.5,24,74,51.35,0.2488,15.548,17.753,-17.809,1.442,1.0
LINKUSDT,classical,50,2.0,24,43,55.81,0.1933,6.068,17.753,-23.198,1.091,1.0
LINKUSDT,classical,50,2.5,12,34,61.76,0.0999,2.318,17.753,-12.543,1.048,1.0
LINKUSDT,classical,50,1.5,24,57,57.89,0.1419,5.448,17.753,-19.043,0.864,1.0
LINKUSDT,classical,20,2.0,24,57,50.88,0.0055,-2.349,17.753,-25.886,0.034,1.0
LINKUSDT,classical,50,2.0,12,56,46.43,-0.022,-2.398,17.753,-16.779,-0.286,1.0
LINKUSDT,classical,20,2.5,24,43,46.51,-0.118,-7.005,17.753,-24.367,-0.698,1.0
LINKUSDT,classical,20,1.5,12,114,46.49,-0.0991,-13.662,17.753,-29.426,-1.093,1.0
LINKUSDT,classical,50,1.5,12,83,43.37,-0.2577,-21.029,17.753,-26.881,-3.021,1.0
LINKUSDT,classical,20,2.0,12,76,42.11,-0.2781,-20.71,17.753,-23.988,-3.23,1.0
LINKUSDT,classical,20,2.5,12,50,46.0,-0.3546,-17.297,17.753,-26.304,-4.296,1.0
LINKUSDT,kronos_gated,50,2.5,12,21,57.14,0.5349,11.42,17.753,-3.169,7.263,1.0
LINKUSDT,kronos_gated,100,1.5,12,54,55.56,0.5897,35.568,17.753,-7.58,7.069,1.0
LINKUSDT,kronos_gated,100,2.5,24,15,66.67,0.9069,13.784,17.753,-5.444,5.754,1.0
LINKUSDT,kronos_gated,50,2.5,24,19,63.16,0.8824,17.236,17.753,-9.685,5.649,1.0
LINKUSDT,kronos_gated,50,2.0,12,35,51.43,0.3088,10.948,17.753,-4.218,5.399,1.0
LINKUSDT,kronos_gated,100,1.5,24,34,61.76,0.7707,27.737,17.753,-9.543,4.672,1.0
LINKUSDT,kronos_gated,50,2.0,24,30,60.0,0.6138,18.469,17.753,-10.303,3.749,1.0
LINKUSDT,kronos_gated,100,2.0,12,29,48.28,0.2723,7.598,17.753,-8.678,3.649,1.0
LINKUSDT,kronos_gated,50,1.5,24,41,60.98,0.5305,22.278,17.753,-10.987,3.601,1.0
LINKUSDT,kronos_gated,20,1.5,24,50,58.0,0.5529,28.947,17.753,-13.341,3.549,1.0
LINKUSDT,kronos_gated,100,2.0,24,18,61.11,0.5074,8.801,17.753,-8.358,3.424,1.0
LINKUSDT,kronos_gated,20,1.5,12,68,50.0,0.2524,16.938,17.753,-7.667,3.208,1.0
LINKUSDT,kronos_gated,100,2.5,12,20,50.0,0.1836,3.37,17.753,-7.097,2.561,1.0
LINKUSDT,kronos_gated,20,2.0,12,46,47.83,0.1565,6.429,17.753,-7.528,2.042,1.0
LINKUSDT,kronos_gated,50,1.5,12,59,49.15,0.1191,6.227,17.753,-10.627,1.745,1.0
LINKUSDT,kronos_gated,20,2.0,24,34,44.12,-0.2095,-7.948,17.753,-19.18,-1.513,1.0
LINKUSDT,kronos_gated,20,2.5,24,21,38.1,-0.3294,-7.488,17.753,-15.13,-2.148,1.0
LINKUSDT,kronos_gated,20,2.5,12,25,40.0,-0.4446,-10.985,17.753,-10.425,-5.94,1.0
LINKUSDT,vol_norm,100,2.5,24,20,75.0,1.9277,42.69,17.753,-13.706,6.924,1.826
LINKUSDT,vol_norm,100,1.5,12,71,57.75,0.8824,76.29,17.753,-19.927,5.834,1.788
LINKUSDT,vol_norm,100,2.5,12,25,60.0,0.6449,15.536,17.753,-11.55,4.694,1.849
LINKUSDT,vol_norm,50,2.5,24,28,60.71,1.186,31.547,17.753,-26.133,3.473,1.888
LINKUSDT,vol_norm,100,1.5,24,44,56.82,0.8868,39.337,17.753,-23.051,3.294,1.75
LINKUSDT,vol_norm,100,2.0,24,23,56.52,0.8024,17.166,17.753,-17.064,3.185,1.813
LINKUSDT,vol_norm,100,2.0,12,37,48.65,0.3453,10.66,17.753,-22.492,2.419,1.848
LINKUSDT,vol_norm,50,2.0,24,43,55.81,0.722,25.852,17.753,-34.41,2.227,1.882
LINKUSDT,vol_norm,50,1.5,24,57,57.89,0.3708,13.139,17.753,-32.612,1.279,1.913
LINKUSDT,vol_norm,50,2.5,12,34,61.76,0.2235,3.924,17.753,-22.975,1.266,1.845
LINKUSDT,vol_norm,20,1.5,24,74,51.35,0.4375,14.998,17.753,-39.645,1.18,2.159
LINKUSDT,vol_norm,20,2.5,24,43,46.51,0.213,1.527,17.753,-40.467,0.667,2.014
LINKUSDT,vol_norm,50,2.0,12,56,46.43,0.0314,-2.252,17.753,-30.028,0.222,1.876
LINKUSDT,vol_norm,20,2.0,24,57,50.88,0.0064,-7.749,17.753,-46.054,0.022,2.03
LINKUSDT,vol_norm,50,1.5,12,83,43.37,-0.3669,-31.918,17.753,-42.031,-2.267,1.919
LINKUSDT,vol_norm,20,1.5,12,114,46.49,-0.4368,-47.872,17.753,-59.787,-2.293,2.034
LINKUSDT,vol_norm,20,2.5,12,50,46.0,-0.5152,-26.44,17.753,-39.149,-3.145,1.924
LINKUSDT,vol_norm,20,2.0,12,76,42.11,-0.6322,-43.299,17.753,-47.648,-3.629,1.968
