symbol,strategy,interval,full_ret_pct,full_sharpe,full_calmar,full_max_dd,full_trades,full_wr,oos_n,oos_ret_pct,oos_sharpe,oos_pnl_usd,passes
BTC,regime_momentum,1h,-9.2180,-4.2368,-0.9522,9.6802,370,27.30,100,-687.8000,-1.0476,-171.36,0
BTC,ema_crossover,1h,-8.8680,-2.3150,-0.8401,10.5557,61,36.07,15,-318.0700,-0.9040,-114.17,0
BTC,vol_breakout,1h,-0.1787,-0.7462,-0.4665,0.3830,5,40.00,1,-4.4100,0.0000,-0.71,0
BTC,orb_session,1h,0.0000,0.0000,0.0000,0.0000,0,0.00,0,0.0000,0.0000,0.00,0
BTC,turtle_donchian,1h,-4.3739,-2.0296,-0.7988,5.4757,38,21.05,11,163.1700,0.8443,56.11,0
BTC,measured_move,1h,0.0000,0.0000,0.0000,0.0000,0,0.00,0,0.0000,0.0000,0.00,0
BTC,mean_reversion,1h,-2.3880,-1.9298,-0.7480,3.1924,71,30.99,20,-24.6600,-0.1227,-7.87,0
BTC,band_fade,1h,0.0000,0.0000,0.0000,0.0000,0,0.00,0,0.0000,0.0000,0.00,0
BTC,trend_pullback,1h,-11.9467,-8.4855,-0.9876,12.0965,315,42.22,93,-1844.5000,-3.0046,-414.71,0
BTC,slow_drift_follow,1h,-3.3115,-6.1291,-0.9391,3.5262,282,34.04,80,-1642.5000,-3.4347,-159.90,0
BTC,range_breakout,1h,-2.5154,-2.7478,-0.8903,2.8252,180,41.67,49,112.0300,0.1833,10.68,0
BTC,rsi2_connors,1h,-11.6131,-9.5558,-0.9991,11.6231,566,51.41,171,-2740.5000,-3.1199,-498.15,0
ETH,regime_momentum,1h,-6.7774,-2.2200,-0.8118,8.3491,338,33.43,97,-66.9600,-0.0665,19.42,0
ETH,ema_crossover,1h,-9.1303,-1.7544,-0.9015,10.1277,53,43.40,20,-498.2400,-1.5034,-174.20,0
ETH,vol_breakout,1h,0.0000,0.0000,0.0000,0.0000,0,0.00,0,0.0000,0.0000,0.00,0
ETH,orb_session,1h,0.0000,0.0000,0.0000,0.0000,0,0.00,0,0.0000,0.0000,0.00,0
ETH,turtle_donchian,1h,-10.8819,-3.7519,-0.9713,11.2035,46,8.70,16,-1290.1300,-5.7801,-439.34,0
ETH,measured_move,1h,0.0000,0.0000,0.0000,0.0000,0,0.00,0,0.0000,0.0000,0.00,0
ETH,mean_reversion,1h,-3.1179,-2.0265,-0.8094,3.8523,78,29.49,21,669.3900,2.4119,193.30,0
ETH,band_fade,1h,0.0000,0.0000,0.0000,0.0000,0,0.00,0,0.0000,0.0000,0.00,0
ETH,trend_pullback,1h,-10.3203,-5.3339,-0.9576,10.7769,317,43.22,89,-1437.7400,-1.9533,-329.32,0
ETH,slow_drift_follow,1h,-4.4013,-5.6732,-0.9365,4.6998,337,32.94,99,-1641.8600,-2.1158,-158.29,0
ETH,range_breakout,1h,-2.6392,-2.1137,-0.9573,2.7569,158,41.77,47,-903.1200,-1.0869,-88.75,0
ETH,rsi2_connors,1h,-14.0615,-8.5446,-0.9988,14.0789,556,57.01,180,-2201.4600,-1.7751,-388.48,0
SOL,regime_momentum,1h,-17.0023,-5.5595,-0.9754,17.4316,392,32.65,122,-2640.2500,-2.8132,-702.40,0
SOL,ema_crossover,1h,-6.9784,-1.2022,-0.6830,10.2167,63,30.16,16,-3002.1300,-7.8871,-1080.29,0
SOL,vol_breakout,1h,0.0000,0.0000,0.0000,0.0000,0,0.00,0,0.0000,0.0000,0.00,0
SOL,orb_session,1h,0.0000,0.0000,0.0000,0.0000,0,0.00,0,0.0000,0.0000,0.00,0
SOL,turtle_donchian,1h,-10.7726,-3.6047,-0.9487,11.3552,46,10.87,17,-1941.3200,-11.0332,-663.43,0
SOL,measured_move,1h,0.0000,0.0000,0.0000,0.0000,0,0.00,0,0.0000,0.0000,0.00,0
SOL,mean_reversion,1h,-1.9012,-1.0248,-0.6871,2.7668,61,26.23,12,-205.0900,-1.3520,-62.11,0
SOL,band_fade,1h,0.0000,0.0000,0.0000,0.0000,0,0.00,0,0.0000,0.0000,0.00,0
SOL,trend_pullback,1h,-15.5691,-7.4783,-0.9867,15.7783,358,42.46,108,-2432.9400,-2.4340,-526.75,0
SOL,slow_drift_follow,1h,-5.0818,-6.1431,-0.9772,5.2002,331,34.74,94,280.3900,0.3582,25.97,0
SOL,range_breakout,1h,-4.3402,-3.3325,-0.9375,4.6295,170,37.06,51,-990.3100,-1.1862,-95.75,0
SOL,rsi2_connors,1h,-16.1866,-8.9644,-0.9862,16.4126,515,57.09,157,-3145.9500,-2.8048,-544.29,0
LINK,regime_momentum,1h,-16.0002,-5.2509,-0.9653,16.5757,364,29.67,108,-1616.1900,-2.0171,-402.57,0
LINK,ema_crossover,1h,-8.6832,-1.4663,-0.6971,12.4560,65,30.77,23,-1781.2700,-3.8531,-627.39,0
LINK,vol_breakout,1h,0.1249,1.1041,1.8479,0.0676,1,100.00,0,0.0000,0.0000,0.00,0
LINK,orb_session,1h,0.0000,0.0000,0.0000,0.0000,0,0.00,0,0.0000,0.0000,0.00,0
LINK,turtle_donchian,1h,-12.1782,-4.0076,-0.9101,13.3812,50,10.00,19,-1329.6100,-5.0050,-448.87,0
LINK,measured_move,1h,0.0000,0.0000,0.0000,0.0000,0,0.00,0,0.0000,0.0000,0.00,0
LINK,mean_reversion,1h,-3.6490,-1.9567,-0.8218,4.4401,78,28.21,25,-179.8800,-0.6555,-54.38,0
LINK,band_fade,1h,0.0000,0.0000,0.0000,0.0000,0,0.00,0,0.0000,0.0000,0.00,0
LINK,trend_pullback,1h,-17.9312,-8.0135,-0.9427,19.0211,318,38.36,91,-2130.9700,-2.5966,-450.14,0
LINK,slow_drift_follow,1h,-5.6394,-6.5164,-0.9636,5.8521,342,32.75,90,-395.4700,-0.4716,-38.21,0
LINK,range_breakout,1h,-5.2292,-3.8872,-0.8894,5.8793,173,33.53,49,-2848.2800,-3.7095,-272.54,0
LINK,rsi2_connors,1h,-15.2288,-8.3283,-0.9992,15.2407,501,58.48,162,-4155.6400,-3.6399,-726.11,0
AVAX,regime_momentum,1h,-10.7765,-3.3151,-0.9956,10.8240,359,34.54,114,-1355.4800,-1.4779,-362.82,0
AVAX,ema_crossover,1h,-2.5945,-0.3938,-0.2709,9.5768,48,33.33,16,-3450.9700,-6.9614,-1307.81,0
AVAX,vol_breakout,1h,0.0531,0.6429,0.8506,0.0624,1,100.00,0,0.0000,0.0000,0.00,0
AVAX,orb_session,1h,0.0000,0.0000,0.0000,0.0000,0,0.00,0,0.0000,0.0000,0.00,0
AVAX,turtle_donchian,1h,-8.0065,-2.4924,-0.8904,8.9916,39,15.38,16,-1256.1200,-5.2483,-439.45,0
AVAX,measured_move,1h,0.0000,0.0000,0.0000,0.0000,0,0.00,0,0.0000,0.0000,0.00,0
AVAX,mean_reversion,1h,-3.8665,-2.0126,-0.6706,5.7660,77,27.27,19,944.7900,2.7874,268.79,0
AVAX,band_fade,1h,0.0000,0.0000,0.0000,0.0000,0,0.00,0,0.0000,0.0000,0.00,0
AVAX,trend_pullback,1h,-14.0910,-6.2299,-0.9813,14.3601,318,39.62,99,-3602.9200,-4.1443,-798.97,0
AVAX,slow_drift_follow,1h,-6.5265,-7.4972,-0.9990,6.5333,356,32.58,111,-1808.6700,-2.0536,-170.81,0
AVAX,range_breakout,1h,-3.9711,-2.9433,-0.9427,4.2124,157,40.13,45,-2294.7800,-2.7614,-222.39,0
AVAX,rsi2_connors,1h,-18.7682,-10.5462,-0.9979,18.8077,530,58.87,172,-4712.5400,-3.3527,-799.27,0
ARB,regime_momentum,1h,-18.9690,-4.9825,-0.9700,19.5551,387,33.33,127,-1915.9200,-1.4391,-395.21,0
ARB,ema_crossover,1h,-9.2953,-1.2855,-0.6991,13.2968,62,29.03,22,-1158.4700,-1.5808,-412.89,0
ARB,vol_breakout,1h,0.3795,1.7270,3.0554,0.1242,1,100.00,0,0.0000,0.0000,0.00,0
ARB,orb_session,1h,0.0000,0.0000,0.0000,0.0000,0,0.00,0,0.0000,0.0000,0.00,0
ARB,turtle_donchian,1h,-8.6759,-2.0269,-0.6805,12.7492,41,7.32,10,2005.4300,2.8208,647.88,0
ARB,measured_move,1h,0.0000,0.0000,0.0000,0.0000,0,0.00,0,0.0000,0.0000,0.00,0
ARB,mean_reversion,1h,-5.5634,-2.4795,-0.9479,5.8690,94,26.60,28,-1620.0400,-3.9982,-467.05,0
ARB,band_fade,1h,0.0000,0.0000,0.0000,0.0000,0,0.00,0,0.0000,0.0000,0.00,0
ARB,trend_pullback,1h,-17.3042,-6.4757,-0.9352,18.5029,358,44.41,108,-1928.2400,-1.6014,-412.24,0
ARB,slow_drift_follow,1h,-7.2941,-7.3676,-0.9707,7.5141,372,35.48,114,109.6600,0.0971,9.34,0
ARB,range_breakout,1h,-4.5272,-2.7748,-0.7556,5.9918,155,40.00,38,4017.5100,4.7091,380.96,0
ARB,rsi2_connors,1h,-20.1562,-9.6388,-0.9982,20.1924,531,59.51,162,-1518.2900,-1.0226,-256.36,0
DOGE,regime_momentum,1h,-11.1805,-3.3631,-0.9592,11.6565,354,33.62,129,-3660.5300,-4.7096,-1011.60,0
DOGE,ema_crossover,1h,0.8729,0.1984,0.0912,9.5704,57,35.09,28,-1610.5600,-3.1015,-627.78,0
DOGE,vol_breakout,1h,0.0000,0.0000,0.0000,0.0000,0,0.00,0,0.0000,0.0000,0.00,0
DOGE,orb_session,1h,0.0000,0.0000,0.0000,0.0000,0,0.00,0,0.0000,0.0000,0.00,0
DOGE,turtle_donchian,1h,-7.7865,-2.2156,-0.7901,9.8556,42,14.29,17,-384.3200,-0.9324,-143.11,0
DOGE,measured_move,1h,0.0000,0.0000,0.0000,0.0000,0,0.00,0,0.0000,0.0000,0.00,0
DOGE,mean_reversion,1h,-2.6458,-1.3759,-0.5030,5.2603,84,28.57,24,1692.0400,4.2219,488.57,0
DOGE,band_fade,1h,0.0000,0.0000,0.0000,0.0000,0,0.00,0,0.0000,0.0000,0.00,0
DOGE,trend_pullback,1h,-15.4311,-7.2045,-0.9356,16.4929,342,46.20,103,-873.3100,-0.8553,-193.46,0
DOGE,slow_drift_follow,1h,-3.5539,-4.0065,-0.9653,3.6815,326,38.04,91,795.3200,1.0134,76.62,0
DOGE,range_breakout,1h,-4.6412,-3.3644,-0.8871,5.2318,164,37.20,49,-1853.3400,-2.1363,-179.04,0
DOGE,rsi2_connors,1h,-19.7601,-11.3975,-0.9965,19.8291,533,56.29,176,-3677.4400,-2.8043,-620.33,0
BTC,regime_momentum,4h,1.5717,0.3732,0.2597,6.0530,342,36.26,93,1134.3000,0.6482,249.07,1
BTC,ema_crossover,4h,-1.0065,-0.0554,-0.0846,11.9043,64,31.25,21,1775.3700,1.7796,620.38,0
BTC,vol_breakout,4h,0.0000,0.0000,0.0000,0.0000,0,0.00,0,0.0000,0.0000,0.00,0
BTC,orb_session,4h,0.0000,0.0000,0.0000,0.0000,0,0.00,0,0.0000,0.0000,0.00,0
BTC,turtle_donchian,4h,5.9131,1.0524,0.8776,6.7377,32,25.00,11,-1033.6200,-3.1317,-423.64,0
BTC,measured_move,4h,0.0000,0.0000,0.0000,0.0000,0,0.00,0,0.0000,0.0000,0.00,0
BTC,mean_reversion,4h,-4.2918,-1.8437,-0.8444,5.0825,103,23.30,25,-141.8400,-0.4943,-43.88,0
BTC,band_fade,4h,0.0000,0.0000,0.0000,0.0000,0,0.00,0,0.0000,0.0000,0.00,0
BTC,trend_pullback,4h,-7.0800,-2.2960,-0.7765,9.1182,307,46.25,89,-2264.0900,-1.8316,-540.93,0
BTC,slow_drift_follow,4h,-5.8791,-5.3450,-0.9812,5.9915,355,28.73,100,-2135.0000,-1.6037,-203.54,0
BTC,range_breakout,4h,-1.1503,-0.5938,-0.3363,3.4205,166,42.17,46,929.2700,0.7372,90.26,0
BTC,rsi2_connors,4h,-10.4749,-4.2556,-0.8491,12.3360,601,59.90,179,-2645.9300,-1.2385,-488.75,0
ETH,regime_momentum,4h,2.5035,0.4599,0.3919,6.3883,375,38.13,109,399.6700,0.1808,-50.39,0
ETH,ema_crossover,4h,-3.2274,-0.1971,-0.2264,14.2580,60,40.00,16,5707.6100,4.8943,1934.44,0
ETH,vol_breakout,4h,0.0000,0.0000,0.0000,0.0000,0,0.00,0,0.0000,0.0000,0.00,0
ETH,orb_session,4h,0.0000,0.0000,0.0000,0.0000,0,0.00,0,0.0000,0.0000,0.00,0
ETH,turtle_donchian,4h,8.5990,1.0813,1.2525,6.8653,32,18.75,9,-1608.5700,-5.0539,-669.28,0
ETH,measured_move,4h,0.0000,0.0000,0.0000,0.0000,0,0.00,0,0.0000,0.0000,0.00,0
ETH,mean_reversion,4h,-9.5440,-3.3724,-0.8165,11.6883,97,22.68,22,2081.9000,5.0429,556.71,0
ETH,band_fade,4h,0.0000,0.0000,0.0000,0.0000,0,0.00,0,0.0000,0.0000,0.00,0
ETH,trend_pullback,4h,-18.1409,-4.7724,-0.8335,21.7650,327,44.65,106,472.0100,0.2272,75.72,0
ETH,slow_drift_follow,4h,-6.0212,-4.0116,-0.9719,6.1955,399,32.08,118,-3160.2200,-1.5065,-300.20,0
ETH,range_breakout,4h,-4.0776,-1.5266,-0.6517,6.2567,164,39.63,49,-3576.1200,-2.0205,-349.63,0
ETH,rsi2_connors,4h,-10.7352,-3.1198,-0.9324,11.5134,539,61.04,158,-4734.3100,-1.7881,-878.34,0
SOL,regime_momentum,4h,-4.0756,-0.5232,-0.4820,8.4552,374,39.84,118,-945.2900,-0.2986,-490.55,0
SOL,ema_crossover,4h,-3.0904,-0.0957,-0.1761,17.5460,52,40.38,20,-6124.7900,-4.3880,-2415.76,0
SOL,vol_breakout,4h,0.0000,0.0000,0.0000,0.0000,0,0.00,0,0.0000,0.0000,0.00,0
SOL,orb_session,4h,0.0000,0.0000,0.0000,0.0000,0,0.00,0,0.0000,0.0000,0.00,0
SOL,turtle_donchian,4h,-0.7132,0.0167,-0.0687,10.3846,36,30.56,14,-3927.9800,-17.4870,-1517.36,0
SOL,measured_move,4h,0.0000,0.0000,0.0000,0.0000,0,0.00,0,0.0000,0.0000,0.00,0
SOL,mean_reversion,4h,-8.3838,-2.3751,-0.7251,11.5627,82,25.61,17,1569.8500,3.9682,424.10,0
SOL,band_fade,4h,0.0000,0.0000,0.0000,0.0000,0,0.00,0,0.0000,0.0000,0.00,0
SOL,trend_pullback,4h,-14.7966,-2.9485,-0.8646,17.1142,327,46.48,104,-2175.9200,-0.9229,-510.14,0
SOL,slow_drift_follow,4h,-4.5658,-2.2335,-0.7604,6.0041,406,36.70,121,585.5400,0.2430,52.56,0
SOL,range_breakout,4h,1.0032,0.3485,0.2982,3.3646,144,45.14,47,-3392.3300,-1.5531,-350.59,0
SOL,rsi2_connors,4h,-19.2761,-4.6441,-0.9613,20.0516,553,59.49,170,-1174.3400,-0.3359,-198.91,0
LINK,regime_momentum,4h,-7.1150,-0.9160,-0.4585,15.5174,397,37.53,132,-4728.3300,-1.8696,-1752.70,0
LINK,ema_crossover,4h,6.0921,0.5226,0.4755,12.8118,61,32.79,20,-3134.1100,-2.1401,-1361.18,0
LINK,vol_breakout,4h,0.0000,0.0000,0.0000,0.0000,0,0.00,0,0.0000,0.0000,0.00,0
LINK,orb_session,4h,0.0000,0.0000,0.0000,0.0000,0,0.00,0,0.0000,0.0000,0.00,0
LINK,turtle_donchian,4h,-9.5304,-0.7351,-0.4312,22.1013,49,10.20,20,-7858.1500,-22.3521,-2831.12,0
LINK,measured_move,4h,0.0000,0.0000,0.0000,0.0000,0,0.00,0,0.0000,0.0000,0.00,0
LINK,mean_reversion,4h,-11.6029,-2.8345,-0.7414,15.6499,100,24.00,16,3822.2200,8.4558,991.11,0
LINK,band_fade,4h,0.0000,0.0000,0.0000,0.0000,0,0.00,0,0.0000,0.0000,0.00,0
LINK,trend_pullback,4h,-13.8007,-2.5226,-0.9125,15.1242,315,46.67,107,-1899.1000,-0.7571,-426.08,0
LINK,slow_drift_follow,4h,-9.7885,-4.8514,-0.9515,10.2871,435,31.26,136,-2117.1500,-0.7395,-196.49,0
LINK,range_breakout,4h,0.2898,0.1154,0.0796,3.6385,153,43.79,49,-7757.8400,-3.7538,-790.68,0
LINK,rsi2_connors,4h,-20.2755,-4.7811,-0.9736,20.8259,530,60.75,171,-175.9300,-0.0619,-27.86,0
AVAX,regime_momentum,4h,-2.0569,-0.1828,-0.1344,15.3042,362,38.95,113,-1214.6000,-0.3720,-765.09,0
AVAX,ema_crossover,4h,3.7549,0.3752,0.2830,13.2659,50,40.00,20,-2728.8500,-1.5921,-1191.82,0
AVAX,vol_breakout,4h,0.0000,0.0000,0.0000,0.0000,0,0.00,0,0.0000,0.0000,0.00,0
AVAX,orb_session,4h,0.0000,0.0000,0.0000,0.0000,0,0.00,0,0.0000,0.0000,0.00,0
AVAX,turtle_donchian,4h,-9.9958,-0.8789,-0.5843,17.1080,43,13.95,14,-3311.6000,-7.8609,-1156.53,0
AVAX,measured_move,4h,0.0000,0.0000,0.0000,0.0000,0,0.00,0,0.0000,0.0000,0.00,0
AVAX,mean_reversion,4h,-6.2521,-1.4988,-0.5791,10.7954,97,26.80,22,4605.8900,6.5352,1258.58,0
AVAX,band_fade,4h,0.0000,0.0000,0.0000,0.0000,0,0.00,0,0.0000,0.0000,0.00,0
AVAX,trend_pullback,4h,-2.2646,-0.3386,-0.1984,11.4117,304,47.37,103,-922.4900,-0.3194,-250.21,0
AVAX,slow_drift_follow,4h,-8.1305,-3.9790,-0.9260,8.7800,400,35.50,126,641.8200,0.2578,56.17,0
AVAX,range_breakout,4h,-0.4198,-0.0845,-0.1216,3.4518,152,42.76,50,-3100.2000,-1.1521,-317.71,0
AVAX,rsi2_connors,4h,-17.2212,-4.0170,-0.8733,19.7194,564,60.99,195,1261.7400,0.3168,225.95,0
ARB,regime_momentum,4h,-8.0841,-0.9971,-0.6629,12.1945,387,37.21,123,-1262.8200,-0.3755,-510.99,0
ARB,ema_crossover,4h,1.6586,0.2445,0.0907,18.2958,51,39.22,16,-4075.9800,-2.0442,-1796.65,0
ARB,vol_breakout,4h,0.0000,0.0000,0.0000,0.0000,0,0.00,0,0.0000,0.0000,0.00,0
ARB,orb_session,4h,0.0000,0.0000,0.0000,0.0000,0,0.00,0,0.0000,0.0000,0.00,0
ARB,turtle_donchian,4h,0.3801,0.1334,0.0331,11.4809,27,25.93,8,-1402.9000,-4.5177,-537.80,0
ARB,measured_move,4h,0.0000,0.0000,0.0000,0.0000,0,0.00,0,0.0000,0.0000,0.00,0
ARB,mean_reversion,4h,-9.4119,-2.4557,-0.8764,10.7392,79,27.85,17,-423.0500,-0.9426,-118.89,0
ARB,band_fade,4h,0.0000,0.0000,0.0000,0.0000,0,0.00,0,0.0000,0.0000,0.00,0
ARB,trend_pullback,4h,-16.9295,-2.9264,-0.9725,17.4082,292,46.23,90,-1128.0100,-0.3414,-254.06,0
ARB,slow_drift_follow,4h,-7.7494,-3.5729,-0.8524,9.0914,387,33.59,110,-4169.3600,-1.6700,-394.55,0
ARB,range_breakout,4h,-0.0791,0.0083,-0.0139,5.6765,149,43.62,44,1045.9100,0.3891,96.59,0
ARB,rsi2_connors,4h,-17.3593,-3.7069,-0.9201,18.8661,518,66.02,159,5204.3700,1.5091,866.21,0
DOGE,regime_momentum,4h,11.6926,1.4195,1.4326,8.1619,383,40.99,109,2663.8300,0.8578,689.36,1
DOGE,ema_crossover,4h,-12.0457,-0.2977,-0.2849,42.2858,51,39.22,19,-2567.0000,-1.7548,-934.34,0
DOGE,vol_breakout,4h,0.0000,0.0000,0.0000,0.0000,0,0.00,0,0.0000,0.0000,0.00,0
DOGE,orb_session,4h,0.0000,0.0000,0.0000,0.0000,0,0.00,0,0.0000,0.0000,0.00,0
DOGE,turtle_donchian,4h,28.8236,1.5802,1.8828,15.3089,31,29.03,12,-1960.0300,-4.1544,-978.00,0
DOGE,measured_move,4h,0.0000,0.0000,0.0000,0.0000,0,0.00,0,0.0000,0.0000,0.00,0
DOGE,mean_reversion,4h,-11.8163,-2.2957,-0.8186,14.4354,103,25.24,28,-2061.0900,-2.4281,-562.54,0
DOGE,band_fade,4h,0.0000,0.0000,0.0000,0.0000,0,0.00,0,0.0000,0.0000,0.00,0
DOGE,trend_pullback,4h,-7.7901,-1.2604,-0.7233,10.7708,317,47.95,108,3903.4100,1.4465,877.49,0
DOGE,slow_drift_follow,4h,-7.2178,-3.3473,-0.8832,8.1726,421,34.20,112,936.2000,0.3960,84.87,0
DOGE,range_breakout,4h,-2.6344,-0.7022,-0.5070,5.1960,160,42.50,56,-7473.4500,-2.8046,-744.96,0
DOGE,rsi2_connors,4h,-12.6096,-2.6246,-0.6918,18.2260,519,62.24,177,1079.1600,0.3283,193.12,0